name,ticker
3S,060310.KQ
AJ네트웍스,095570.KS
AK홀딩스,006840.KS
APS,054620.KQ
AP시스템,265520.KQ
AP위성,211270.KQ
BF랩스,139050.KQ
BGF,027410.KS
BGF리테일,282330.KS
BGF에코머티리얼즈,126600.KQ
BNK금융지주,138930.KS
BYC,001460.KS
BYC우,001465.KS
CG인바이츠,083790.KQ
CJ,001040.KS
CJCGV,079160.KS
CJENM,035760.KQ
CJ바이오사이언스,311690.KQ
CJ4우(전환),00104K.KS
CJ대한통운,000120.KS
CJ씨푸드,011150.KS
CJ씨푸드1우,011155.KS
CJ우,001045.KS
CJ제일제당,097950.KS
CJ제일제당우,097955.KS
CJ프레시웨이,051500.KQ
CMG제약,058820.KQ
CNT85,056730.KQ
CR홀딩스,000480.KS
CS,065770.KQ
CSA코스믹,083660.KQ
CS홀딩스,000590.KS
DB,012030.KS
DB금융스팩12호,477760.KQ
DB손해보험,005830.KS
DB증권,016610.KS
DB하이텍,000990.KS
DGI,099520.KQ
DH오토넥스,000300.KS
DH오토리드,290120.KQ
DH오토웨어,025440.KQ
DI동일,001530.KS
DKME,015590.KS
DL,000210.KS
DL우,000215.KS
DL이앤씨,375500.KS
DL이앤씨2우(전환),37550L.KS
DL이앤씨우,37550K.KS
DMS,068790.KQ
DN오토모티브,007340.KS
DRB동일,004840.KS
DSC인베스트먼트,241520.KQ
DSR,155660.KS
DSR제강,069730.KS
DS단석,017860.KS
DXVX,180400.KQ
DYP,092780.KS
E1,017940.KS
E8,418620.KQ
EDGC,245620.KQ
EG,037370.KQ
EMB,278990.KS
ESR켄달스퀘어리츠,365550.KS
ES큐브,050120.KQ
F&F,383220.KS
F&F홀딩스,007700.KS
FSN,214270.KQ
GH신소재,130500.KQ
GKL,114090.KS
GRT,900290.KQ
GS,078930.KS
GST,083450.KQ
GS건설,006360.KS
GS글로벌,001250.KS
GS리테일,007070.KS
GS우,078935.KS
GS피앤엘,499790.KS
HB솔루션,297890.KQ
HB인베스트먼트,440290.KQ
HB테크놀러지,078150.KQ
HC보광산업,225530.KQ
HC홈센타,060560.KQ
HDC,012630.KS
HDC랩스,039570.KS
HDC현대EP,089470.KS
HDC현대산업개발,294870.KS
HD건설기계,267270.KS
HD한국조선해양,009540.KS
HD현대,267250.KS
HD현대마린솔루션,443060.KS
HD현대마린엔진,071970.KS
HD현대에너지솔루션,322000.KS
HD현대일렉트릭,267260.KS
HD현대중공업,329180.KS
HEM파마,376270.KQ
HJ중공업,097230.KS
HK이노엔,195940.KQ
HLD&I,014790.KS
HLB,028300.KQ
HLB글로벌,003580.KS
HLB바이오스텝,278650.KQ
HLB생명과학,067630.KQ
HLB이노베이션,024850.KQ
HLB제넥스,187420.KQ
HLB제약,047920.KQ
HLB테라퓨틱스,115450.KQ
HLB파나진,046210.KQ
HLB펩,196300.KQ
HL만도,204320.KS
HL홀딩스,060980.KS
HMM,011200.KS
HPSP,403870.KQ
HRS,036640.KQ
HS애드,035000.KS
HS화성,002460.KS
HS효성,487570.KS
HS효성첨단소재,298050.KS
IBKS제23호스팩,467930.KQ
IBKS제24호스팩,469480.KQ
IBKS제25호스팩,0099X0.KQ
INVENI,015360.KS
ISC,095340.KQ
JB금융지주,175330.KS
JTC,950170.KQ
JW생명과학,234080.KS
JW신약,067290.KQ
JW중외제약,001060.KS
JW중외제약2우B,001067.KS
JW중외제약우,001065.KS
JW홀딩스,096760.KS
JYPENT.,035900.KQ
KBG,318000.KQ
KBI동양철관,008970.KS
KBI메탈,024840.KQ
KB금융,105560.KS
KB발해인프라,415640.KS
KB스타리츠,432320.KS
KB오토시스,024120.KQ
KB제27호스팩,464680.KQ
KB제29호스팩,478390.KQ
KB제30호스팩,486630.KQ
KB제31호스팩,492220.KQ
KB제32호스팩,0037T0.KQ
KB제33호스팩,0072Z0.KQ
KCC,002380.KS
KCC건설,021320.KQ
KCC글라스,344820.KS
KCTC,009070.KS
KC그린홀딩스,009440.KS
KC산업,112190.KS
KC코트렐,119650.KS
KD,044180.KQ
KEC,092220.KS
KG모빌리언스,046440.KQ
KG모빌리티,003620.KS
KG스틸,016380.KS
KG에코솔루션,151860.KQ
KG이니시스,035600.KQ
KG케미칼,001390.KS
KH바텍,060720.KQ
KISCO홀딩스,001940.KS
KNN,058400.KQ
KPX케미칼,025000.KS
KPX홀딩스,092230.KS
KR모터스,000040.KS
KSS해운,044450.KS
KS인더스트리,101000.KQ
KT,030200.KS
KT&G,033780.KS
KTCS,058850.KS
KTIS,058860.KS
KT나스미디어,089600.KQ
KT밀리의서재,418470.KQ
KT지니뮤직,043610.KQ
KX,122450.KQ
KX하이텍,052900.KQ
KZ정밀,036560.KQ
LB세미콘,061970.KQ
LB인베스트먼트,309960.KQ
LF,093050.KS
LG,003550.KS
LG디스플레이,034220.KS
LG생활건강,051900.KS
LG생활건강우,051905.KS
LG씨엔에스,064400.KS
LG에너지솔루션,373220.KS
LG우,003555.KS
LG유플러스,032640.KS
LG이노텍,011070.KS
LG전자,066570.KS
LG전자우,066575.KS
LG헬로비전,037560.KS
LG화학,051910.KS
LG화학우,051915.KS
LIG넥스원,079550.KS
LK삼양,225190.KQ
LS,006260.KS
LSELECTRIC,010120.KS
LS네트웍스,000680.KS
LS마린솔루션,060370.KQ
LS머트리얼즈,417200.KQ
LS에코에너지,229640.KS
LS증권,078020.KQ
LS티라유텍,322180.KQ
LX세미콘,108320.KS
LX인터내셔널,001120.KS
LX하우시스,108670.KS
LX하우시스우,108675.KS
LX홀딩스,383800.KS
LX홀딩스1우,38380K.KS
M83,476080.KQ
MDS테크,086960.KQ
MH에탄올,023150.KS
NAVER,035420.KS
NEW,160550.KQ
NE능률,053290.KQ
NHN,181710.KS
NHNKCP,060250.KQ
NHN벅스,104200.KQ
NH올원리츠,400760.KS
NH투자증권,005940.KS
NH투자증권우,005945.KS
NH프라임리츠,338100.KS
NICE,034310.KS
NICE인프라,063570.KQ
NICE평가정보,030190.KS
NI스틸,008260.KS
NPC,004250.KS
NPC우,004255.KS
NPX,222160.KQ
OCI,456040.KS
OCI홀딩스,010060.KS
PI첨단소재,178920.KS
PKC,001340.KS
PN풍년,024940.KQ
POSCO홀딩스,005490.KS
PS일렉트로닉스,332570.KQ
RFHIC,218410.KQ
RF머트리얼즈,327260.KQ
RF시스템즈,474610.KQ
S&K폴리텍,091340.KQ
S-OIL,010950.KS
S-OIL우,010955.KS
SAMG엔터,419530.KQ
SBI인베스트먼트,019550.KQ
SBS,034120.KS
SB성보,003080.KS
SCL사이언스,246960.KQ
SDN,099220.KQ
SFA반도체,036540.KQ
SG,255220.KQ
SG&G,040610.KQ
SGA솔루션즈,184230.KQ
SGCE&C,016250.KQ
SGC에너지,005090.KS
SG글로벌,001380.KS
SG세계물산,004060.KS
SHD,001770.KS
SH에너지화학,002360.KS
SIMPAC,009160.KS
SJG세종,033530.KS
SJM,123700.KS
SJM홀딩스,025530.KS
SK,034730.KS
SKAI,357880.KQ
SKC,011790.KS
SK가스,018670.KS
SK네트웍스,001740.KS
SK디스커버리,006120.KS
SK디스커버리우,006125.KS
SK디앤디,210980.KS
SK리츠,395400.KS
SK바이오사이언스,302440.KS
SK바이오팜,326030.KS
SK스퀘어,402340.KS
SK시그넷,260870.KS
SK아이이테크놀로지,361610.KS
SK오션플랜트,100090.KS
SK우,03473K.KS
SK이노베이션,096770.KS
SK이노베이션우,096775.KS
SK이터닉스,475150.KS
SK증권,001510.KS
SK증권우,001515.KS
SK케미칼,285130.KS
SK케미칼우,28513K.KS
SK텔레콤,017670.KS
SK하이닉스,000660.KS
SMC&C,048550.KQ
SMLIFEDESIGN,063440.KQ
SNT다이내믹스,003570.KS
SNT모티브,064960.KS
SNT에너지,100840.KS
SNT홀딩스,036530.KS
SOOP,067160.KQ
SPC삼립,005610.KS
STX,011810.KS
STX그린로지스,465770.KS
STX엔진,077970.KS
SUN&L,002820.KS
SV인베스트먼트,289080.KQ
TBH글로벌,084870.KS
TCC스틸,002710.KS
THECUBE&,013720.KQ
THEE&M,089230.KQ
TJ미디어,032540.KQ
TKG휴켐스,069260.KS
TP,007980.KS
TPC,048770.KQ
TS인베스트먼트,246690.KQ
TS트릴리온,317240.KQ
TYM,002900.KS
WISCOM,024070.KS
YBM넷,057030.KQ
YGPLUS,037270.KS
YTN,040300.KQ
YW,051390.KQ
IMBC,052220.KQ
IM금융지주,139130.KS
가비아,079940.KQ
가온그룹,078890.KQ
가온전선,000500.KS
가온칩스,399720.KQ
가이아코퍼레이션,296520.KS
감성코퍼레이션,036620.KQ
강남제비스코,000860.KS
강동씨앤엘,198440.KQ
강스템바이오텍,217730.KQ
강원랜드,035250.KS
강원에너지,114190.KQ
갤럭시아머니트리,094480.KQ
갤럭시아에스엠,011420.KS
경남스틸,039240.KQ
경남제약,053950.KQ
경농,002100.KS
경동나비엔,009450.KS
경동도시가스,267290.KS
경동인베스트,012320.KS
경동제약,011040.KQ
경방,000050.KS
경보제약,214390.KS
경인양행,012610.KS
경인전자,009140.KS
경창산업,024910.KQ
계룡건설,013580.KS
계양전기,012200.KS
계양전기우,012205.KS
고려산업,002140.KS
고려신용정보,049720.KQ
고려아연,010130.KS
고려제강,002240.KS
고려제약,014570.KQ
고바이오랩,348150.KQ
고스트스튜디오,950190.KQ
고영,098460.KQ
골드앤에스,035290.KQ
골프존,215000.KQ
골프존홀딩스,121440.KQ
공구우먼,366030.KQ
광동제약,009290.KS
광동헬스바이오,086220.KS
광명전기,017040.KS
광무,029480.KQ
광전자,017900.KS
광주신세계,037710.KS
광진실업,026910.KQ
교보15호스팩,465320.KQ
교보16호스팩,482520.KQ
교보17호스팩,489210.KQ
교보18호스팩,0041B0.KQ
교보19호스팩,0098T0.KQ
교보증권,030610.KS
교촌에프앤비,339770.KS
구영테크,053270.KQ
국도화학,007690.KS
국보디자인,066620.KQ
국순당,043650.KQ
국영지앤엠,006050.KQ
국일신동,060480.KQ
국일제지,078130.KQ
국전약품,307750.KQ
국제약품,002720.KS
그래디언트,035080.KQ
그래피,318060.KQ
그리드위즈,453450.KQ
그리티,204020.KQ
그린광학,0015G0.KQ
그린리소스,402490.KQ
그린생명과학,114450.KQ
그린케미칼,083420.KS
그린플러스,186230.KQ
극동유화,014530.KS
글로벌에스엠,900070.KQ
글로벌텍스프리,204620.KQ
글로본,019660.KQ
금강공업,014280.KS
금강공업우,014285.KS
금강철강,053260.KQ
금비,008870.KS
금양,001570.KS
금양그린파워,282720.KQ
금호건설,002990.KS
금호건설우,002995.KS
금호석유화학,011780.KS
금호석유화학우,011785.KS
금호에이치티,214330.KS
금호전기,001210.KS
금호타이어,073240.KS
금화피에스시,036190.KQ
기가레인,049080.KQ
기가비스,420770.KQ
기산텔레콤,035460.KQ
기신정기,092440.KS
기아,000270.KS
기업은행,024110.KS
까뮤이앤씨,013700.KS
깨끗한나라,004540.KS
깨끗한나라우,004545.KS
꿈비,407400.KQ
나노,187790.KQ
나노신소재,121600.KQ
나노실리칸첨단소재,286750.KQ
나노씨엠에스,247660.KQ
나노엔텍,039860.KQ
나노캠텍,091970.KQ
나노팀,417010.KQ
나눔테크,244880.KS
나라셀라,405920.KQ
나라스페이스테크놀로지,478340.KQ
나라엠앤디,051490.KQ
나래나노텍,137080.KQ
나무가,190510.KQ
나무기술,242040.KQ
나우IB,293580.KQ
나우로보틱스,459510.KQ
나우코스,257990.KS
나이벡,138610.KQ
나이스디앤비,130580.KQ
나이스정보통신,036800.KQ
나인테크,267320.KQ
남광토건,001260.KS
남선알미늄,008350.KS
남선알미우,008355.KS
남성,004270.KS
남양유업,003920.KS
남양유업우,003925.KS
남해화학,025860.KS
남화산업,111710.KQ
남화토건,091590.KQ
내츄럴엔도텍,168330.KQ
네오리진,094860.KQ
네오셈,253590.KQ
네오오토,212560.KQ
네오위즈,095660.KQ
네오위즈홀딩스,042420.KQ
네오이뮨텍,950220.KQ
네오크레마,311390.KQ
네오티스,085910.KQ
네오팜,092730.KQ
네오펙트,290660.KQ
네이블,153460.KQ
네이처셀,007390.KQ
네패스,033640.KQ
네패스아크,330860.KQ
넥사다이내믹스,351320.KQ
넥센,005720.KS
넥센우,005725.KS
넥센타이어,002350.KS
넥센타이어1우B,002355.KS
넥스턴앤롤코리아,089140.KQ
넥스트바이오메디컬,389650.KQ
넥스트아이,137940.KQ
넥스트칩,396270.KQ
넥스틴,348210.KQ
넥스틸,092790.KS
넥슨게임즈,225570.KQ
넥써쓰,205500.KQ
넵튠,217270.KQ
넷마블,251270.KS
노드메이슨,317860.KS
노랑풍선,104620.KQ
노루페인트,090350.KS
노루페인트우,090355.KS
노루홀딩스,000320.KS
노루홀딩스우,000325.KS
노머스,473980.KQ
노바렉스,194700.KQ
노바텍,285490.KQ
노브랜드,145170.KQ
노브메타파마,229500.KS
노블엠앤비,106520.KQ
노을,376930.KQ
노타,486990.KQ
녹십자,006280.KS
녹십자엠에스,142280.KQ
녹십자웰빙,234690.KQ
녹십자홀딩스,005250.KS
녹십자홀딩스2우,005257.KS
농심,004370.KS
농심홀딩스,072710.KS
농우바이오,054050.KQ
누리플랜,069140.KQ
누리플렉스,040160.KQ
누보,332290.KQ
뉴로메카,348340.KQ
뉴로핏,380550.KQ
뉴보텍,060260.KQ
뉴엔AI,463020.KQ
뉴온,123840.KQ
뉴인텍,012340.KQ
뉴키즈온,462310.KQ
뉴트리,270870.KQ
뉴파워프라즈마,144960.KQ
뉴프렉스,085670.KQ
다날,064260.KQ
다보링크,340360.KQ
다산네트웍스,039560.KQ
다산디엠씨,208860.KQ
다산솔루에타,154040.KQ
다스코,058730.KS
다올투자증권,030210.KS
다우기술,023590.KS
다우데이타,032190.KQ
다원넥스뷰,323350.KQ
다원시스,068240.KQ
다이나믹디자인,145210.KS
달바글로벌,483650.KS
닷밀,464580.KQ
대교,019680.KS
대교우B,019685.KS
대구백화점,006370.KS
대덕,008060.KS
대덕1우,00806K.KS
대덕전자,353200.KS
대덕전자1우,35320K.KS
대동,000490.KS
대동고려삼,178600.KS
대동금속,020400.KQ
대동기어,008830.KQ
대동스틸,048470.KQ
대륙제관,004780.KQ
대림바스,005750.KS
대림제지,017650.KQ
대림통상,006570.KS
대명에너지,389260.KQ
대모,317850.KQ
대보마그네틱,290670.KQ
대봉엘에스,078140.KQ
대산F&B,065150.KQ
대상,001680.KS
대상우,001685.KS
대상홀딩스,084690.KS
대상홀딩스우,084695.KS
대성미생물,036480.KQ
대성산업,128820.KS
대성에너지,117580.KS
대성창투,027830.KQ
대성파인텍,104040.KQ
대성하이텍,129920.KQ
대성홀딩스,016710.KS
대신밸런스제16호스팩,457630.KQ
대신밸런스제17호스팩,471050.KQ
대신밸런스제19호스팩,482690.KQ
대신밸류리츠,0030R0.KS
대신정보통신,020180.KQ
대신증권,003540.KS
대신증권2우B,003547.KS
대신증권우,003545.KS
대아티아이,045390.KQ
대양금속,009190.KS
대양전기공업,108380.KQ
대영포장,014160.KS
대우건설,047040.KS
대웅,003090.KS
대웅제약,069620.KS
대원,007680.KQ
대원강업,000430.KS
대원미디어,048910.KQ
대원산업,005710.KQ
대원전선,006340.KS
대원전선우,006345.KS
대원제약,003220.KS
대원화성,024890.KS
대유에이텍,002880.KS
대정화금,120240.KQ
대주산업,003310.KQ
대주이엔티,114920.KS
대주전자재료,078600.KQ
대진첨단소재,393970.KQ
대창,012800.KS
대창단조,015230.KS
대창솔루션,096350.KQ
대창스틸,140520.KQ
대한과학,131220.KQ
대한광통신,010170.KQ
대한뉴팜,054670.KQ
대한방직,001070.KS
대한약품,023910.KQ
대한유화,006650.KS
대한전선,001440.KS
대한제강,084010.KS
대한제당,001790.KS
대한제당우,001795.KS
대한제분,001130.KS
대한조선,439260.KS
대한항공,003490.KS
대한항공우,003495.KS
대한해운,005880.KS
대한화섬,003830.KS
대현,016090.KS
대호에이엘,069460.KS
대호특수강,021040.KQ
대호특수강우,021045.KQ
대화제약,067080.KQ
더네이쳐홀딩스,298540.KQ
더라미,032860.KQ
더본코리아,475560.KS
더블유게임즈,192080.KS
더블유씨피,393890.KQ
더블유에스아이,299170.KQ
더존비즈온,012510.KS
더즌,462860.KQ
더코디,224060.KQ
더콘텐츠온,302920.KS
더테크놀로지,043090.KQ
더핑크퐁컴퍼니,403850.KQ
덕산네오룩스,213420.KQ
덕산테코피아,317330.KQ
덕산하이메탈,077360.KQ
덕성,004830.KS
덕성우,004835.KS
덕신이피씨,090410.KQ
덕양에너젠,0001A0.KQ
덕우전자,263600.KQ
데브시스터즈,194480.KQ
데이원컴퍼니,373160.KQ
데이타솔루션,263800.KQ
데이터스트림즈,199150.KS
덱스터,206560.KQ
덴티스,261200.KQ
덴티움,145720.KS
도부,227420.KS
도우인시스,484120.KQ
도이치모터스,067990.KQ
도화엔지니어링,002150.KS
동구바이오제약,006620.KQ
동국S&C,100130.KQ
동국산업,005160.KQ
동국생명과학,303810.KQ
동국씨엠,460850.KS
동국알앤에스,075970.KQ
동국제강,460860.KS
동국제약,086450.KQ
동국홀딩스,001230.KS
동남합성,023450.KS
동방,004140.KS
동방메디컬,240550.KQ
동방선기,099410.KQ
동방아그로,007590.KS
동부건설,005960.KS
동부건설우,005965.KS
동서,026960.KS
동성제약,002210.KS
동성케미컬,102260.KS
동성화인텍,033500.KQ
동신건설,025950.KQ
동아쏘시오홀딩스,000640.KS
동아에스티,170900.KS
동아엘텍,088130.KQ
동아지질,028100.KS
동아화성,041930.KQ
동양,001520.KS
동양2우B,001527.KS
동양고속,084670.KS
동양생명,082640.KS
동양에스텍,060380.KQ
동양우,001525.KS
동양이엔피,079960.KQ
동양파일,228340.KQ
동우팜투테이블,088910.KQ
동운아나텍,094170.KQ
동원개발,013120.KQ
동원금속,018500.KS
동원산업,006040.KS
동원수산,030720.KS
동원시스템즈,014820.KS
동원시스템즈우,014825.KS
동인기연,111380.KS
동일고무벨트,163560.KS
동일금속,109860.KQ
동일기연,032960.KQ
동일산업,004890.KS
동일스틸럭스,023790.KQ
동일제강,002690.KS
동진쎄미켐,005290.KQ
동화기업,025900.KQ
동화약품,000020.KS
두산,000150.KS
두산2우B,000157.KS
두산로보틱스,454910.KS
두산밥캣,241560.KS
두산에너빌리티,034020.KS
두산우,000155.KS
두산테스나,131970.KQ
두산퓨얼셀,336260.KS
두산퓨얼셀1우,33626K.KS
두산퓨얼셀2우B,33626L.KS
두올,016740.KS
듀오백,073190.KQ
듀켐바이오,176750.KQ
드래곤플라이,030350.KQ
드림시큐리티,203650.KQ
드림씨아이에스,223250.KQ
드림어스컴퍼니,060570.KQ
드림인사이트,362990.KQ
드림텍,192650.KS
디모아,016670.KQ
디바이스,187870.KQ
디비금융제13호스팩,489730.KQ
디비금융제14호스팩,0004Y0.KQ
디씨엠,024090.KS
디아이,003160.KS
디아이씨,092200.KS
디아이티,110990.KQ
디알젬,263690.KQ
디알텍,214680.KQ
디앤디파마텍,347850.KQ
디앤디플랫폼리츠,377190.KS
디앤씨미디어,263720.KQ
디어유,376300.KQ
디에스케이,109740.KQ
디에이치엑스컴퍼니,031860.KQ
디에이테크놀로지,196490.KQ
디에이피,066900.KQ
디엔에프,092070.KQ
디오,039840.KQ
디와이,013570.KS
디와이덕양,024900.KS
디와이디,219550.KQ
디와이씨,310870.KQ
디와이파워,210540.KS
디와이피엔에프,104460.KQ
디이엔티,079810.KQ
디젠스,113810.KQ
디지아이,043360.KQ
디지캡,197140.KQ
디지털대성,068930.KQ
디지틀조선,033130.KQ
디케이락,105740.KQ
디케이앤디,263020.KQ
디케이티,290550.KQ
디티씨,066670.KQ
디티앤씨,187220.KQ
디티앤씨알오,383930.KQ
딜리,131180.KQ
딥노이드,315640.KQ
라닉스,317120.KQ
라메디텍,462510.KQ
라온로보틱스,232680.KQ
라온시큐어,042510.KQ
라온텍,418420.KQ
라온피플,300120.KQ
라이온켐텍,171120.KQ
라이콤,388790.KQ
라파스,214260.KQ
라피치,403360.KS
램테크놀러지,171010.KQ
랩지노믹스,084650.KQ
러셀,217500.KQ
럭스피아,092590.KS
레드우즈,266170.KS
레드캡투어,038390.KQ
레몬,294140.KQ
레뷰코퍼레이션,443250.KQ
레이,228670.KQ
레이언스,228850.KQ
레이저쎌,412350.KQ
레이저옵텍,199550.KQ
레이크머티리얼즈,281740.KQ
레인보우로보틱스,277810.KQ
로보로보,215100.KQ
로보스타,090360.KQ
로보쓰리에이아이,238500.KS
로보티즈,108490.KQ
로스웰,900260.KQ
로젠,033290.KQ
로지스몬,223220.KS
로지시스,067730.KQ
로체시스템즈,071280.KQ
로킷헬스케어,376900.KQ
롤링스톤,214610.KQ
롯데관광개발,032350.KS
롯데렌탈,089860.KS
롯데리츠,330590.KS
롯데손해보험,000400.KS
롯데쇼핑,023530.KS
롯데에너지머티리얼즈,020150.KS
롯데웰푸드,280360.KS
롯데이노베이트,286940.KS
롯데정밀화학,004000.KS
롯데지주,004990.KS
롯데지주우,00499K.KS
롯데칠성,005300.KS
롯데칠성우,005305.KS
롯데케미칼,011170.KS
롯데하이마트,071840.KS
루닛,328130.KQ
루멘스,038060.KQ
루미르,474170.KQ
루켄테크놀러지스,162120.KS
루트락,253610.KS
리가켐바이오,141080.KQ
리노공업,058470.KQ
리더스코스메틱,016100.KQ
리드코프,012700.KQ
리메드,302550.KQ
리브스메드,491000.KQ
리센스메디컬,394420.KQ
리튬포어스,073570.KQ
리파인,377450.KQ
린드먼아시아,277070.KQ
링네트,042500.KQ
링크드,193250.KQ
링크솔루션,474650.KQ
링크제니시스,219420.KQ
마녀공장,439090.KQ
마니커,027740.KS
마니커에프앤지,195500.KQ
마스턴프리미어리츠,357430.KS
마음AI,377480.KQ
마이크로디지탈,305090.KQ
마이크로엔엑스,448780.KS
마이크로컨텍솔,098120.KQ
마이크로투나노,424980.KQ
마크로젠,038290.KQ
만호제강,001080.KS
매일유업,267980.KQ
매일홀딩스,005990.KQ
매커스,093520.KQ
맥쿼리인프라,088980.KS
맵스리얼티,094800.KS
머니무브,179720.KS
머큐리,100590.KQ
멀티캠퍼스,067280.KQ
메가스터디,072870.KQ
메가스터디교육,215200.KQ
메가엠디,133750.KQ
메가터치,446540.KQ
메드팩토,235980.KQ
메디쎄이,200580.KS
메디아나,041920.KQ
메디안디노스틱,233250.KS
메디앙스,014100.KQ
메디젠휴먼케어,236340.KS
메디콕스,054180.KQ
메디톡스,086900.KQ
메디포스트,078160.KQ
메리츠금융지주,138040.KS
메리츠제1호스팩,0088D0.KQ
메쎄이상,408920.KQ
메이슨캐피탈,021880.KQ
메쥬,0088M0.KQ
메지온,140410.KQ
메카로,241770.KQ
메타랩스,090370.KS
메타바이오메드,059210.KQ
메타케어,118000.KS
멕아이씨에스,058110.KQ
멤레이비티,072770.KQ
명문제약,017180.KS
명신산업,009900.KS
명인제약,317450.KS
모나리자,012690.KS
모나미,005360.KS
모나용평,070960.KS
모니터랩,434480.KQ
모다이노칩,080420.KQ
모델솔루션,417970.KQ
모두투어,080160.KQ
모바일어플라이언스,087260.KQ
모베이스,101330.KQ
모베이스전자,012860.KQ
모비데이즈,363260.KQ
모비릭스,348030.KQ
모비스,250060.KQ
모아데이타,288980.KQ
모아라이프플러스,142760.KQ
모아텍,033200.KQ
모코엠시스,333050.KQ
모토닉,009680.KS
모트렉스,118990.KQ
모티브링크,463480.KQ
모헨즈,006920.KQ
무림P&P,009580.KS
무림SP,001810.KQ
무림페이퍼,009200.KS
무진메디,322970.KS
무학,033920.KS
문배철강,008420.KS
미디어젠,279600.KQ
미래나노텍,095500.KQ
미래반도체,254490.KQ
미래산업,025560.KS
미래생명자원,218150.KQ
미래아이앤지,007120.KS
미래에셋글로벌리츠,396690.KS
미래에셋맵스리츠,357250.KS
미래에셋벤처투자,100790.KQ
미래에셋비전스팩10호,0097F0.KQ
미래에셋비전스팩11호,0099W0.KQ
미래에셋비전스팩4호,477380.KQ
미래에셋비전스팩5호,477470.KQ
미래에셋비전스팩6호,478440.KQ
미래에셋비전스팩7호,482680.KQ
미래에셋비전스팩8호,0093G0.KQ
미래에셋비전스팩9호,0096D0.KQ
미래에셋생명,085620.KS
미래에셋증권,006800.KS
미래에셋증권2우B,00680K.KS
미래에셋증권우,006805.KS
미래엔에듀파트너,208890.KS
미래컴퍼니,049950.KQ
미스터블루,207760.KQ
미스토홀딩스,081660.KS
미원상사,002840.KS
미원에스씨,268280.KS
미원홀딩스,107590.KS
미원화학,134380.KS
미쥬,351020.KS
미창석유,003650.KS
미코,059090.KQ
미투온,201490.KQ
미트박스,475460.KQ
민테크,452200.KQ
바디텍메드,206640.KQ
바른손,018700.KQ
바른손이앤에이,035620.KQ
바스칸바이오제약,354390.KS
바이넥스,053030.KQ
바이브컴퍼니,301300.KQ
바이오노트,377740.KS
바이오니아,064550.KQ
바이오다인,314930.KQ
바이오비쥬,489460.KQ
바이오솔루션,086820.KQ
바이오스마트,038460.KQ
바이오에프디엔씨,251120.KQ
바이오인프라,199730.KQ
바이오인프라생명과학,266470.KS
바이오텐,289170.KS
바이오톡스텍,086040.KQ
바이오포트,188040.KQ
바이오프로테크,199290.KS
바이오플러스,099430.KQ
바이온,032980.KQ
바이젠셀,308080.KQ
바텍,043150.KQ
박셀바이오,323990.KQ
방림,003610.KS
배럴,267790.KQ
백금T&A,046310.KQ
백산,035150.KS
밸로프,331520.KQ
뱅크웨어글로벌,199480.KQ
버넥트,438700.KQ
버킷스튜디오,066410.KQ
범양건영,002410.KS
범한퓨얼셀,382900.KQ
베노티앤알,206400.KQ
베뉴지,019010.KQ
베셀,177350.KQ
벡트,457600.KQ
벨로크,424760.KQ
벽산,007210.KS
보라티알,250000.KQ
보락,002760.KS
보령,003850.KS
보로노이,310210.KQ
보성파워텍,006910.KQ
보해양조,000890.KS
본느,226340.KQ
본시스템즈,496320.KS
볼빅,206950.KS
부광약품,003000.KS
부국증권,001270.KS
부국증권우,001275.KS
부국철강,026940.KS
부방,014470.KQ
부산산업,011390.KS
부산주공,005030.KS
부스타,008470.KQ
뷰노,338220.KQ
뷰웍스,100120.KQ
뷰티스킨,406820.KQ
브레인즈컴퍼니,099390.KQ
브리지텍,064480.KQ
브이씨,365900.KQ
브이엠,089970.KQ
브이원텍,251630.KQ
브이티,018290.KQ
블랙야크아이앤씨,478560.KQ
블루산업개발,006740.KS
블루엠텍,439580.KQ
블루콤,033560.KQ
블루탑,191600.KS
블리츠웨이엔터테인먼트,369370.KQ
비나텍,126340.KQ
비덴트,121800.KQ
비보존제약,082800.KQ
비비씨,318410.KQ
비비안,002070.KS
비상교육,100220.KS
비스토스,419540.KQ
비씨엔씨,146320.KQ
비씨월드제약,200780.KQ
비아이매트릭스,413640.KQ
비아트론,141000.KQ
비에이치,090460.KS
비에이치아이,083650.KQ
비엔케이제2호스팩,473370.KQ
비엔케이제3호스팩,0068Y0.KQ
비엘팜텍,065170.KQ
비엠티,086670.KQ
비유테크놀러지,230980.KQ
비츠로넥스텍,488900.KQ
비츠로셀,082920.KQ
비츠로시스,054220.KQ
비츠로테크,042370.KQ
비케이홀딩스,050090.KQ
비큐AI,148780.KQ
비투엔,307870.KQ
비트맥스,377030.KQ
비트컴퓨터,032850.KQ
비트플래닛,049470.KQ
비피도,238200.KQ
빅솔론,093190.KQ
빅텍,065450.KQ
빌리언스,044480.KQ
빙그레,005180.KS
빛과전자,069540.KQ
빛샘전자,072950.KQ
삐아,451250.KQ
사람인,143240.KQ
사이냅소프트,466410.KQ
사조대림,003960.KS
사조동아원,008040.KS
사조산업,007160.KS
사조씨푸드,014710.KS
사조오양,006090.KS
사토시홀딩스,223310.KQ
사피엔반도체,452430.KQ
산돌,419120.KQ
산일전기,062040.KS
삼기,122350.KQ
삼기에너지솔루션즈,419050.KQ
삼륭물산,014970.KQ
삼목에스폼,018310.KQ
삼미금속,012210.KQ
삼보모터스,053700.KQ
삼보산업,009620.KQ
삼보판지,023600.KQ
삼부토건,001470.KS
삼성E&A,028050.KS
삼성FN리츠,448730.KS
삼성SDI,006400.KS
삼성SDI우,006405.KS
삼성공조,006660.KS
삼성물산,028260.KS
삼성물산우B,02826K.KS
삼성바이오로직스,207940.KS
삼성생명,032830.KS
삼성스팩10호,0044K0.KQ
삼성스팩11호,0071M0.KQ
삼성스팩12호,0096B0.KQ
삼성스팩13호,0115H0.KQ
삼성에스디에스,018260.KS
삼성에피스홀딩스,0126Z0.KS
삼성전기,009150.KS
삼성전기우,009155.KS
삼성전자,005930.KS
삼성전자우,005935.KS
삼성제약,001360.KS
삼성중공업,010140.KS
삼성증권,016360.KS
삼성출판사,068290.KS
삼성카드,029780.KS
삼성화재,000810.KS
삼성화재우,000815.KS
삼아알미늄,006110.KS
삼아제약,009300.KQ
삼양바이오팜,0120G0.KS
삼양사,145990.KS
삼양사우,145995.KS
삼양식품,003230.KS
삼양엔씨켐,482630.KQ
삼양컴텍,484590.KQ
삼양케이씨아이,036670.KQ
삼양통상,002170.KS
삼양패키징,272550.KS
삼양홀딩스,000070.KS
삼영,003720.KS
삼영무역,002810.KS
삼영에스앤씨,361670.KQ
삼영엠텍,054540.KQ
삼영이엔씨,065570.KQ
삼영전자,005680.KS
삼원강재,023000.KS
삼익THK,004380.KS
삼익악기,002450.KS
삼익제약,014950.KQ
삼일,032280.KQ
삼일기업공사,002290.KQ
삼일씨엔에스,004440.KS
삼일제약,000520.KS
삼정펄프,009770.KS
삼지전자,037460.KQ
삼진,032750.KQ
삼진식품,0013V0.KQ
삼진엘앤디,054090.KQ
삼진제약,005500.KS
삼천당제약,000250.KQ
삼천리,004690.KS
삼천리자전거,024950.KQ
삼표시멘트,038500.KQ
삼현,437730.KQ
삼현철강,017480.KQ
삼호개발,010960.KS
삼화네트웍스,046390.KQ
삼화왕관,004450.KS
삼화전기,009470.KS
삼화전자,011230.KS
삼화콘덴서,001820.KS
삼화페인트,000390.KS
상보,027580.KQ
상상인,038540.KQ
상상인제4호스팩,452670.KQ
상상인증권,001290.KS
상신브레이크,041650.KS
상신이디피,091580.KQ
상신전자,263810.KQ
상아프론테크,089980.KQ
상지건설,042940.KQ
새로닉스,042600.KQ
새론오토모티브,075180.KS
새빗켐,107600.KQ
샌즈랩,411080.KQ
샘씨엔에스,252990.KQ
샘표,007540.KS
샘표식품,248170.KS
샤페론,378800.KQ
서남,294630.KQ
서린바이오,038070.KQ
서부T&D,006730.KQ
서산,079650.KQ
서암기계공업,100660.KQ
서연,007860.KS
서연이화,200880.KS
서연탑메탈,019770.KQ
서울가스,017390.KS
서울리거,043710.KQ
서울바이오시스,092190.KQ
서울반도체,046890.KQ
서울보증보험,031210.KS
서울식품,004410.KS
서울식품우,004415.KS
서울옥션,063170.KQ
서울전자통신,027040.KQ
서울제약,018680.KQ
서울평가정보,036120.KQ
서원,021050.KS
서원인텍,093920.KQ
서전기전,189860.KQ
서진시스템,178320.KQ
서진오토모티브,122690.KQ
서플러스글로벌,140070.KQ
서한,011370.KQ
서호전기,065710.KQ
서흥,008490.KS
서희건설,035890.KQ
석경에이티,357550.KQ
선광,003100.KQ
선도전기,007610.KS
선바이오,067370.KQ
선샤인푸드,217620.KQ
선익시스템,171090.KQ
선진,136490.KS
선진뷰티사이언스,086710.KQ
성광벤드,014620.KQ
성도이엔지,037350.KQ
성문전자,014910.KS
성문전자우,014915.KS
성신양회,004980.KS
성신양회우,004985.KS
성안머티리얼스,011300.KS
성우,458650.KQ
성우전자,081580.KQ
성우테크론,045300.KQ
성우하이텍,015750.KQ
성일하이텍,365340.KQ
성창기업지주,000180.KS
성창오토텍,080470.KQ
성호전자,043260.KQ
세경하이테크,148150.KQ
세기상사,002420.KS
세나테크놀로지,061090.KQ
세니젠,188260.KQ
세동,053060.KQ
세림B&G,340440.KQ
세명전기,017510.KQ
세미파이브,490470.KQ
세방,004360.KS
세방우,004365.KS
세방전지,004490.KS
세보엠이씨,011560.KQ
세븐브로이맥주,267080.KS
세아메카닉스,396300.KQ
세아베스틸지주,001430.KS
세아제강,306200.KS
세아제강지주,003030.KS
세아홀딩스,058650.KS
세우글로벌,013000.KS
세운메디칼,100700.KQ
세원물산,024830.KQ
세원정공,021820.KS
세이브존I&C,067830.KS
세종메디칼,258830.KQ
세종텔레콤,036630.KQ
세중,039310.KQ
세진중공업,075580.KS
세진티에스,067770.KQ
세코닉스,053450.KQ
세화피앤씨,252500.KQ
센서뷰,321370.KQ
센코,347000.KQ
셀레믹스,331920.KQ
셀레스트라,352770.KQ
셀로맥스사이언스,471820.KQ
셀루메드,049180.KQ
셀리드,299660.KQ
셀바스AI,108860.KQ
셀바스헬스케어,208370.KQ
셀바이오휴먼텍,318160.KQ
셀비온,308430.KQ
셀트리온,068270.KS
셀트리온제약,068760.KQ
셀피글로벌,068940.KQ
소노스퀘어,007720.KQ
소룩스,290690.KQ
소마젠,950200.KQ
소프트센,032680.KQ
소프트센우,032685.KQ
소프트캠프,258790.KQ
손오공,066910.KQ
솔디펜스,215090.KQ
솔루스첨단소재,336370.KS
솔루스첨단소재1우,33637K.KS
솔루스첨단소재2우B,33637L.KS
솔루엠,248070.KS
솔본,035610.KQ
솔브레인,357780.KQ
솔브레인홀딩스,036830.KQ
솔트룩스,304100.KQ
솔트웨어,328380.KQ
송원산업,004430.KS
쇼박스,086980.KQ
수산세보틱스,017550.KS
수산아이앤티,050960.KQ
수산인더스트리,126720.KS
수성웹툰,084180.KQ
수젠텍,253840.KQ
수프로,185190.KS
슈어소프트테크,298830.KQ
슈프리마,236200.KQ
슈프리마에이치큐,094840.KQ
슈피겐코리아,192440.KQ
스마트레이더시스템,424960.KQ
스맥,099440.KQ
스카이라이프,053210.KS
스코넥,276040.KQ
스타에스엠리츠,204210.KS
스타코링크,060240.KQ
스타플렉스,115570.KQ
스테이지원엔터,078860.KQ
스톤브릿지벤처스,330730.KQ
스톰테크,352090.KQ
스튜디오드래곤,253450.KQ
스튜디오미르,408900.KQ
스튜디오삼익,415380.KQ
스틱인베스트먼트,026890.KS
스페코,013810.KQ
스피어,347700.KQ
승일,049830.KQ
시공테크,020710.KQ
시그네틱스,033170.KQ
시너지이노베이션,048870.KQ
시노펙스,025320.KQ
시디즈,134790.KS
시선AI,340810.KQ
시스웍,269620.KQ
시지메드텍,056090.KQ
시지트로닉스,429270.KQ
시큐레터,418250.KQ
시큐브,131090.KQ
시프트업,462870.KS
신대양제지,016590.KS
신도기연,290520.KQ
신도리코,029530.KS
신라교역,004970.KS
신라섬유,001000.KQ
신라에스지,025870.KQ
신라젠,215600.KQ
신성델타테크,065350.KQ
신성에스티,416180.KQ
신성이엔지,011930.KS
신세계,004170.KS
신세계I&C,035510.KS
신세계인터내셔날,031430.KS
신세계푸드,031440.KS
신송홀딩스,006880.KS
신스틸,162300.KQ
신신제약,002800.KQ
신영스팩10호,472220.KQ
신영스팩11호,0091W0.KQ
신영와코루,005800.KS
신영증권,001720.KS
신원,009270.KS
신원종합개발,017000.KQ
신일전자,002700.KS
신일제약,012790.KQ
신진에스엠,138070.KQ
신테카바이오,226330.KQ
신풍,002870.KS
신풍제약,019170.KS
신풍제약우,019175.KS
신한글로벌액티브리츠,481850.KS
신한서부티엔디리츠,404990.KS
신한알파리츠,293940.KS
신한제11호스팩,452980.KQ
신한제12호스팩,474660.KQ
신한제13호스팩,474930.KQ
신한제14호스팩,487360.KQ
신한제15호스팩,487830.KQ
신한제16호스팩,496070.KQ
신한지주,055550.KS
신화인터텍,056700.KQ
신화콘텍,187270.KQ
신흥,004080.KS
신흥에스이씨,243840.KQ
실리콘투,257720.KQ
심텍,222800.KQ
심텍홀딩스,036710.KQ
심플랫폼,444530.KQ
싸이닉솔루션,234030.KQ
싸이맥스,160980.KQ
싸이버원,356890.KQ
싸이토젠,217330.KQ
써니전자,004770.KS
썬테크,217320.KS
썸에이지,208640.KQ
쎄노텍,222420.KQ
쎄니트,037760.KQ
쎄크,081180.KQ
쎄트렉아이,099320.KQ
쎌바이오텍,049960.KQ
쏘닉스,088280.KQ
쏘카,403550.KS
쏠리드,050890.KQ
쓰리빌리언,394800.KQ
쓰리에이로직스,177900.KQ
씨메스,475400.KQ
씨싸이트,109670.KQ
씨씨에스,066790.KQ
씨아이에스,222080.KQ
씨아이테크,004920.KS
씨알푸드,236030.KS
씨앗,103660.KS
씨앤씨인터내셔널,352480.KQ
씨앤에스링크,245450.KS
씨앤지하이테크,264660.KQ
씨앤투스,352700.KQ
씨어스테크놀로지,458870.KQ
씨에스베어링,297090.KQ
씨에스윈드,112610.KS
씨엑스아이,900120.KQ
씨엔알리서치,359090.KQ
씨엔플러스,115530.KQ
씨엠티엑스,388210.KQ
씨유메디칼,115480.KQ
씨유테크,376290.KQ
씨이랩,189330.KQ
씨젠,096530.KQ
씨케이솔루션,480370.KS
씨큐브,101240.KQ
씨티씨바이오,060590.KQ
씨티알모빌리티,308170.KS
씨티케이,260930.KQ
씨피시스템,413630.KQ
아가방컴퍼니,013990.KQ
아나패스,123860.KQ
아난티,025980.KQ
아남전자,008700.KS
아로마티카,0015N0.KQ
아모그린텍,125210.KQ
아모레퍼시픽,090430.KS
아모레퍼시픽우,090435.KS
아모레퍼시픽홀딩스,002790.KS
아모레퍼시픽홀딩스3우C,00279K.KS
아모레퍼시픽홀딩스우,002795.KS
아모센스,357580.KQ
아모텍,052710.KQ
아미노로직스,074430.KQ
아미코젠,092040.KQ
아바코,083930.KQ
아바텍,149950.KQ
아비코전자,036010.KQ
아세아,002030.KS
아세아시멘트,183190.KS
아세아제지,002310.KS
아세아텍,050860.KQ
아센디오,012170.KS
아셈스,136410.KQ
아스타,246720.KQ
아스테라시스,450950.KQ
아스트,067390.KQ
아스플로,159010.KQ
아시아경제,127710.KQ
아시아나IDT,267850.KS
아시아나항공,020560.KS
아시아종묘,154030.KQ
아우딘퓨쳐스,227610.KQ
아우토크립트,331740.KQ
아이디스,143160.KQ
아이디스홀딩스,054800.KQ
아이디피,332370.KQ
아이로보틱스,066430.KQ
아이마켓코리아,122900.KS
아이비김영,339950.KQ
아이비젼웍스,469750.KQ
아이빔테크놀로지,460470.KQ
아이센스,099190.KQ
아이스크림미디어,461300.KQ
아이스크림에듀,289010.KQ
아이쓰리시스템,214430.KQ
아이씨디,040910.KQ
아이씨에이치,368600.KQ
아이씨티케이,456010.KQ
아이앤씨,052860.KQ
아이언디바이스,464500.KQ
아이에스동서,010780.KS
아이에스티이,212710.KQ
아이에이,038880.KQ
아이엘,307180.KQ
아이엘로보틱스,403810.KS
아이엠,101390.KQ
아이엠바이오로직스,493280.KQ
아이엠비디엑스,461030.KQ
아이엠지티,456570.KS
아이엠티,451220.KQ
아이오바이오,447690.KS
아이윈,090150.KQ
아이즈비전,031310.KQ
아이지넷,462980.KQ
아이진,185490.KQ
아이컴포넌트,059100.KQ
아이케이세미콘,149010.KS
아이퀘스트,262840.KQ
아이큐어,175250.KQ
아이크래프트,052460.KQ
아이텍,119830.KQ
아이톡시,052770.KQ
아이티센글로벌,124500.KQ
아이티센씨티에스,031820.KS
아이티센엔텍,010280.KQ
아이티센코어,243870.KS
아이티센피엔에스,232830.KQ
아이티아이즈,372800.KQ
아이티엠반도체,084850.KQ
아이티켐,309710.KQ
아이패밀리에스씨,114840.KQ
아주IB투자,027360.KQ
아주스틸,139990.KS
아즈텍WB,032080.KQ
아진산업,013310.KQ
아진엑스텍,059120.KQ
아진전자부품,009320.KS
아크릴,0007C0.KQ
아크솔루션스,203690.KQ
아톤,158430.KQ
아티스트스튜디오,200350.KQ
아티스트컴퍼니,321820.KQ
아퓨어스,149300.KS
아하,102950.KS
안국약품,001540.KQ
안랩,053800.KQ
안지오랩,251280.KS
안트로젠,065660.KQ
알로이스,297570.KQ
알루코,001780.KS
알리코제약,260660.KQ
알멕,354320.KQ
알비더블유,361570.KQ
알서포트,131370.KQ
알에스오토메이션,140670.KQ
알에프세미,096610.KQ
알에프텍,061040.KQ
알엔투테크놀로지,148250.KQ
알엔티엑스,123010.KQ
알지노믹스,476830.KQ
알체라,347860.KQ
알테오젠,196170.KQ
알톤,123750.KQ
알트,459550.KQ
알티캐스트,085810.KQ
알파AI,043100.KQ
알파칩스,117670.KQ
알피바이오,314140.KQ
압타머사이언스,291650.KQ
압타바이오,293780.KQ
애경산업,018250.KS
애경케미칼,161000.KS
애니메디솔루션,390110.KS
애니플러스,310200.KQ
애드바이오텍,179530.KQ
애드포러스,397810.KQ
애머릿지,900100.KQ
액스비스,0011A0.KQ
액토즈소프트,052790.KQ
액트로,290740.KQ
앤디포스,238090.KQ
앤로보틱스,138360.KQ
앤씨앤,092600.KQ
앱코,129890.KQ
앱클론,174900.KQ
앱토크롬,109960.KQ
앱튼,270520.KQ
야스,255440.KQ
양지사,030960.KQ
어보브반도체,102120.KQ
얼라인드,238120.KQ
엄지하우스,224810.KS
에너토크,019990.KQ
에넥스,011090.KS
에르코스,435570.KQ
에브리봇,270660.KQ
에스넷,038680.KQ
에스디바이오센서,137310.KS
에스디생명공학,217480.KQ
에스디시스템,121890.KQ
에스바이오메딕스,304360.KQ
에스비비테크,389500.KQ
에스씨디,042110.KQ
에스씨엠생명과학,298060.KQ
에스아이리소스,065420.KQ
에스알바이오텍,270210.KS
에스앤더블류,103230.KQ
에스앤디,260970.KQ
에스앤에스텍,101490.KQ
에스에너지,095910.KQ
에스에스알,275630.KQ
에스에이엠티,031330.KQ
에스에이티,060540.KQ
에스에프에이,056190.KQ
에스엔시스,0008Z0.KQ
에스엘,005850.KS
에스엘에스바이오,246250.KQ
에스엠,041510.KQ
에스엠벡셀,010580.KS
에스엠씨지,460870.KQ
에스엠코어,007820.KQ
에스오에스랩,464080.KQ
에스와이,109610.KQ
에스와이스틸텍,365330.KQ
에스원,012750.KS
에스제이그룹,306040.KQ
에스제이켐,217910.KS
에스지헬스케어,398120.KQ
에스케이증권제11호스팩,472230.KQ
에스케이증권제12호스팩,473000.KQ
에스케이증권제13호스팩,473950.KQ
에스켐,475660.KQ
에스코넥,096630.KQ
에스텍,069510.KQ
에스투더블유,488280.KQ
에스트래픽,234300.KQ
에스티아이,039440.KQ
에스티오,098660.KQ
에스티큐브,052020.KQ
에스티팜,237690.KQ
에스팀,458350.KQ
에스폴리텍,050760.KQ
에스퓨얼셀,288620.KQ
에스피소프트,443670.KQ
에스피시스템스,317830.KQ
에스피지,058610.KQ
에쎈테크,043340.KQ
에쓰씨엔지니어링,023960.KS
에어레인,163280.KQ
에어부산,298690.KS
에이디테크놀로지,200710.KQ
에이럭스,475580.KQ
에이루트,096690.KQ
에이리츠,140910.KS
에이블씨엔씨,078520.KS
에이비엘바이오,298380.KQ
에이비온,203400.KQ
에이비프로바이오,195990.KQ
에이스침대,003800.KQ
에이스테크,088800.KQ
에이스토리,241840.KQ
에이아이코리아,364950.KQ
에이에스텍,453860.KQ
에이에프더블류,312610.KQ
에이엔피,015260.KS
에이엘티,172670.KQ
에이원알폼,234070.KS
에이유브랜즈,481070.KQ
에이전트AI,060900.KQ
에이직랜드,445090.KQ
에이치브이엠,295310.KQ
에이치시티,072990.KQ
에이치엔에스하이텍,044990.KQ
에이치엘사이언스,239610.KQ
에이치엠넥스,036170.KQ
에이치엠씨제6호스팩,462020.KQ
에이치엠씨제7호스팩,477340.KQ
에이치와이티씨,148930.KQ
에이치케이,044780.KQ
에이치피오,357230.KQ
에이텀,355690.KQ
에이테크솔루션,071670.KQ
에이텍,045660.KQ
에이텍모빌리티,224110.KQ
에이티넘인베스트,021080.KQ
에이팩트,200470.KQ
에이펙스인텍,207490.KS
에이프로,262260.KQ
에이프로젠,007460.KS
에이프로젠바이오로직스,003060.KS
에이프릴바이오,397030.KQ
에이플러스에셋,244920.KS
에이피알,278470.KS
에임드바이오,0009K0.KQ
에치에프알,230240.KQ
에코글로우,159910.KQ
에코마케팅,230360.KQ
에코바이오,038870.KQ
에코볼트,097780.KQ
에코아이,448280.KQ
에코앤드림,101360.KQ
에코캡,128540.KQ
에코프로,086520.KQ
에코프로머티,450080.KS
에코프로비엠,247540.KQ
에코프로에이치엔,383310.KQ
에코플라스틱,038110.KQ
에프알텍,073540.KQ
에프앤가이드,064850.KQ
에프에스티,036810.KQ
에프엔씨엔터,173940.KQ
에프엔에스테크,083500.KQ
에피바이오텍,446440.KS
엑사이엔씨,054940.KQ
엑세스바이오,950130.KQ
엑셀세라퓨틱스,373110.KQ
엑셈,205100.KQ
엑스게이트,356680.KQ
엑스큐어,070300.KQ
엑스페릭스,317770.KQ
엑스플러스,373200.KQ
엑시온그룹,069920.KQ
엑시콘,092870.KQ
엑시큐어하이트론,019490.KS
엔더블유시,059180.KS
엔바이오니아,317870.KQ
엔브이에이치코리아,067570.KQ
엔비알모션,0004V0.KQ
엔비티,236810.KQ
엔솔바이오사이언스,140610.KS
엔시스,333620.KQ
엔시트론,101400.KQ
엔씨소프트,036570.KS
엔알비,475230.KQ
엔에스컴퍼니,224760.KS
엔에이치스팩29호,451700.KQ
엔에이치스팩30호,466910.KQ
엔에이치스팩31호,481890.KQ
엔에이치스팩32호,0054V0.KQ
엔에이치스팩33호,0130H0.KQ
엔에프씨,265740.KQ
엔젠바이오,354200.KQ
엔젤로보틱스,455900.KQ
엔젯,419080.KQ
엔지브이아이,093510.KS
엔지켐생명과학,183490.KQ
엔케이,085310.KS
엔케이젠바이오텍코리아,182400.KQ
엔켐,348370.KQ
엔텔스,069410.KQ
엔투텍,227950.KQ
엔피,291230.KQ
엔피케이,048830.KQ
엘디티,096870.KQ
엘리비젼,276240.KS
엘브이엠씨홀딩스,900140.KS
엘앤씨바이오,290650.KQ
엘앤에프,066970.KS
엘앤케이바이오,156100.KQ
엘에스스팩1호,0041J0.KQ
엘에이티,311060.KS
엘엠에스,073110.KQ
엘오티베큠,083310.KQ
엘컴텍,037950.KQ
엘케이켐,489500.KQ
엘티씨,170920.KQ
엠게임,058630.KQ
엠디바이스,226590.KQ
엠로,058970.KQ
엠브레인,169330.KQ
엠씨넥스,097520.KS
엠아이큐브솔루션,373170.KQ
엠아이텍,179290.KQ
엠앤씨솔루션,484870.KS
엠에스씨,009780.KQ
엠에스오토텍,123040.KQ
엠에프씨,432980.KQ
엠오티,413390.KQ
엠젠솔루션,032790.KQ
엠케이전자,033160.KQ
엠투아이,347890.KQ
엠투엔,033310.KQ
엠플러스,259630.KQ
엣지파운드리,105550.KQ
영림원소프트랩,060850.KQ
영보화학,014440.KS
영우디에스피,143540.KQ
영원무역,111770.KS
영원무역홀딩스,009970.KS
영진약품,003520.KS
영풍,000670.KS
영화금속,012280.KS
영화테크,265560.KQ
영흥,012160.KS
예림당,036000.KQ
예선테크,250930.KQ
예스24,053280.KQ
예스티,122640.KQ
오가노이드사이언스,476040.KQ
오가닉티코스메틱,900300.KQ
오건에코텍,212310.KS
오공,045060.KQ
오늘이엔엠,192410.KQ
오디텍,080520.KQ
오뚜기,007310.KS
오로라,039830.KQ
오로스테크놀로지,322310.KQ
오르비텍,046120.KQ
오름테라퓨틱,475830.KQ
오리엔탈정공,014940.KQ
오리엔트바이오,002630.KS
오리엔트정공,065500.KQ
오리온,271560.KS
오리온홀딩스,001800.KS
오리콤,010470.KQ
오브젠,417860.KQ
오비고,352910.KQ
오상자이엘,053980.KQ
오상헬스케어,036220.KQ
오성첨단소재,052420.KQ
오션스바이오,332190.KS
오션인더블유,052300.KQ
오스코텍,039200.KQ
오스테오닉,226400.KQ
오스템,031510.KQ
오아,342870.KQ
오에스피,368970.KQ
오이솔루션,138080.KQ
오킨스전자,080580.KQ
오텍,067170.KQ
오토앤,353590.KQ
오파스넷,173130.KQ
오픈놀,440320.KQ
오픈베이스,049480.KQ
오픈엣지테크놀로지,394280.KQ
온코닉테라퓨틱스,476060.KQ
온코크로스,382150.KQ
온타이드,005320.KS
올리패스,244460.KQ
올릭스,226950.KQ
옴니시스템,057540.KQ
옵투스제약,131030.KQ
옵트론텍,082210.KQ
옵티시스,109080.KQ
옵티코어,380540.KQ
옵티팜,153710.KQ
와이랩,432430.KQ
와이바이오로직스,338840.KQ
와이솔,122990.KQ
와이씨,232140.KQ
와이씨켐,112290.KQ
와이어블,065530.KQ
와이엔텍,067900.KQ
와이엠,007530.KQ
와이엠씨,155650.KQ
와이엠텍,273640.KQ
와이엠티,251370.KQ
와이제이링크,209640.KQ
와이즈넛,096250.KQ
와이즈버즈,273060.KQ
와이지-원,019210.KQ
와이지엔터테인먼트,122870.KQ
와이투솔루션,011690.KS
와토스코리아,079000.KQ
우듬지팜,403490.KQ
우리금융지주,316140.KS
우리기술,032820.KQ
우리기술투자,041190.KQ
우리넷,115440.KQ
우리로,046970.KQ
우리바이오,082850.KQ
우리산업,215360.KQ
우리산업홀딩스,072470.KQ
우리손에프앤지,073560.KQ
우리엔터프라이즈,037400.KQ
우리이앤엘,153490.KQ
우림피티에스,101170.KQ
우성,006980.KS
우수AMS,066590.KQ
우신시스템,017370.KS
우양,103840.KQ
우양에이치씨,101970.KQ
우원개발,046940.KQ
우정바이오,215380.KQ
우주일렉트로,065680.KQ
우진,105840.KS
우진비앤지,018620.KQ
우진아이엔에스,010400.KS
우진엔텍,457550.KQ
우진플라임,049800.KS
웅진,016880.KS
웅진씽크빅,095720.KS
워트,396470.KQ
원림,005820.KS
원바이오젠,307280.KQ
원익,032940.KQ
원익IPS,240810.KQ
원익QNC,074600.KQ
원익머트리얼즈,104830.KQ
원익큐브,014190.KQ
원익피앤이,217820.KQ
원익홀딩스,030530.KQ
원일특강,012620.KQ
원일티엔아이,136150.KQ
원준,382840.KQ
원텍,336570.KQ
원티드랩,376980.KQ
원포유,122830.KS
원풍,008370.KQ
원풍물산,008290.KQ
월덱스,101160.KQ
웨이버스,336060.KQ
웨이브일렉트로,095270.KQ
웨이비스,289930.KQ
웰크론,065950.KQ
웰크론한텍,076080.KQ
웰킵스하이텍,043590.KQ
웹스,196700.KQ
웹젠,069080.KQ
웹케시,053580.KQ
위너스,479960.KQ
위니아에이드,377460.KQ
위닉스,044340.KQ
위더스제약,330350.KQ
위드텍,348350.KQ
위메이드,112040.KQ
위메이드맥스,101730.KQ
위메이드플레이,123420.KQ
위세아이텍,065370.KQ
위월드,140660.KS
위즈코프,038620.KQ
위지윅스튜디오,299900.KQ
위지트,036090.KQ
위츠,459100.KQ
윈스테크넷,136540.KQ
윈팩,097800.KQ
윈하이텍,192390.KQ
윌비스,008600.KS
윙스풋,335870.KQ
윙입푸드,900340.KQ
유나이티드제약,033270.KS
유니드,014830.KS
유니드비티플러스,446070.KS
유니셈,036200.KQ
유니슨,018000.KQ
유니온,000910.KS
유니온머티리얼,047400.KS
유니온바이오메트릭스,203450.KQ
유니켐,011330.KS
유니퀘스트,077500.KS
유니크,011320.KQ
유니테스트,086390.KQ
유니테크노,241690.KQ
유니트론텍,142210.KQ
유니포인트,121060.KS
유디엠텍,389680.KQ
유라클,088340.KQ
유라테크,048430.KQ
유바이오로직스,206650.KQ
유비벨록스,089850.KQ
유비씨,495810.KS
유비온,084440.KQ
유비케어,032620.KQ
유비쿼스,264450.KQ
유비쿼스홀딩스,078070.KQ
유성기업,002920.KS
유성티엔에스,024800.KQ
유수홀딩스,000700.KS
유신,054930.KQ
유아이디,069330.KQ
유아이엘,049520.KQ
유안타제11호스팩,444920.KQ
유안타제15호스팩,473050.KQ
유안타제16호스팩,474490.KQ
유안타제17호스팩,493790.KQ
유안타증권,003470.KS
유안타증권우,003475.KS
유에스티,263770.KQ
유엑스엔,337840.KS
유엔젤,072130.KS
유유제약,000220.KS
유유제약1우,000225.KS
유유제약2우B,000227.KS
유일로보틱스,388720.KQ
유일에너테크,340930.KQ
유진기업,023410.KQ
유진로봇,056080.KQ
유진스팩10호,468760.KQ
유진스팩11호,488060.KQ
유진스팩12호,0105P0.KQ
유진테크,084370.KQ
유진테크놀로지,240600.KQ
유진투자증권,001200.KS
유투바이오,221800.KQ
유티아이,179900.KQ
유틸렉스,263050.KQ
유한양행,000100.KS
유한양행우,000105.KS
유화증권,003460.KS
유화증권우,003465.KS
육일씨엔에쓰,191410.KQ
윤성에프앤씨,372170.KQ
율촌,146060.KQ
율촌화학,008730.KS
이건산업,008250.KS
이건홀딩스,039020.KQ
이구산업,025820.KS
이글루,067920.KQ
이글벳,044960.KQ
이노뎁,303530.KQ
이노룰스,296640.KQ
이노메트리,302430.KQ
이노벡스,279060.KS
이노션,214320.KS
이노스페이스,462350.KQ
이노시뮬레이션,274400.KQ
이노와이어리스,073490.KQ
이노인스트루먼트,215790.KQ
이노진,344860.KQ
이노테크,469610.KQ
이녹스,088390.KQ
이녹스첨단소재,272290.KQ
이니텍,053350.KQ
이닉스,452400.KQ
이랜시스,264850.KQ
이랜텍,054210.KQ
이렘,009730.KQ
이루온,065440.KQ
이리츠코크렙,088260.KS
이마트,139480.KS
이뮨온시아,424870.KQ
이미지스,115610.KQ
이베스트스팩6호,478110.KQ
이브이첨단소재,131400.KQ
이비테크,208850.KS
이삭엔지니어링,351330.KQ
이상네트웍스,080010.KQ
이성씨엔아이,379390.KS
이수스페셜티케미컬,457190.KS
이수앱지스,086890.KQ
이수페타시스,007660.KS
이수화학,005950.KS
이스타코,015020.KS
이스트소프트,047560.KQ
이스트아시아홀딩스,900110.KQ
이스트에이드,239340.KQ
이씨에스,067010.KQ
이엔셀,456070.KQ
이엔에프테크놀로지,102710.KQ
이엔플러스,074610.KS
이엘씨,041520.KQ
이엘피,063760.KQ
이엠넷,123570.KQ
이엠앤아이,083470.KQ
이엠코리아,095190.KQ
이엠텍,091120.KQ
이엠티,232530.KS
이연제약,102460.KS
이오테크닉스,039030.KQ
이오플로우,294090.KQ
이원컴포텍,088290.KQ
이월드,084680.KS
이지바이오,353810.KQ
이지스,261520.KQ
이지스레지던스리츠,350520.KS
이지스밸류플러스리츠,334890.KS
이지케어텍,099750.KQ
이지트로닉스,377330.KQ
이지홀딩스,035810.KQ
이크레더블,092130.KQ
이퓨쳐,134060.KQ
이화공영,001840.KQ
이화산업,000760.KS
인디에프,014990.KS
인바디,041830.KQ
인바이오,352940.KQ
인바이오젠,101140.KS
인바이츠바이오코아,216400.KS
인베니아,079950.KQ
인벤티지랩,389470.KQ
인산가,277410.KQ
인선이엔티,060150.KQ
인성정보,033230.KQ
인스웨이브,450520.KQ
인스코비,006490.KS
인스피언,465480.KQ
인지디스플레,037330.KQ
인지소프트,100030.KQ
인지컨트롤스,023800.KS
인천도시가스,034590.KS
인카금융서비스,211050.KQ
인콘,083640.KQ
인크레더블버즈,064090.KQ
인크로스,216050.KQ
인탑스,049070.KQ
인터로이드,311960.KS
인터로조,119610.KQ
인터엠,017250.KQ
인터지스,129260.KS
인터플렉스,051370.KQ
인텍플러스,064290.KQ
인텔리안테크,189300.KQ
인투셀,287840.KQ
인트론바이오,048530.KQ
인티큐브,070590.KQ
인팩,023810.KS
인포바인,115310.KQ
인포뱅크,039290.KQ
인피니트헬스케어,071200.KQ
인화정공,101930.KQ
일동제약,249420.KS
일동홀딩스,000230.KS
일성건설,013360.KS
일성아이에스,003120.KS
일승,333430.KQ
일신바이오,068330.KQ
일신방직,003200.KS
일신석재,007110.KS
일양약품,007570.KS
일양약품우,007575.KS
일월지엠엘,178780.KQ
일정실업,008500.KS
일지테크,019540.KQ
일진다이아,081000.KS
일진디스플,020760.KS
일진전기,103590.KS
일진파워,094820.KQ
일진하이솔루스,271940.KS
일진홀딩스,015860.KS
잇츠한불,226320.KS
잉글우드랩,950140.KQ
잉크테크,049550.KQ
자람테크놀로지,389020.KQ
자비스,254120.KQ
자연과환경,043910.KQ
자이글,234920.KQ
자이언트스텝,289220.KQ
자이에스앤디,317400.KS
자화전자,033240.KS
재영솔루텍,049630.KQ
저스템,417840.KQ
전방,000950.KS
전진건설로봇,079900.KS
전진바이오팜,110020.KQ
정다운,208140.KQ
정상제이엘에스,040420.KQ
정원엔시스,045510.KQ
제너셈,217190.KQ
제넥신,095700.KQ
제노레이,122310.KQ
제노코,361390.KQ
제노텍,066830.KS
제놀루션,225220.KQ
제닉,123330.KQ
제닉스로보틱스,381620.KQ
제로투세븐,159580.KQ
제룡산업,147830.KQ
제룡전기,033100.KQ
제우스,079370.KQ
제이브이엠,054950.KQ
제이스코홀딩스,023440.KQ
제이스텍,090470.KQ
제이씨케미칼,137950.KQ
제이씨현시스템,033320.KQ
제이아이테크,417500.KQ
제이알글로벌리츠,348950.KS
제이앤티씨,204270.KQ
제이에스링크,127120.KQ
제이에스코퍼레이션,194370.KS
제이에스티나,026040.KQ
제이엔비,452160.KQ
제이엔케이글로벌,126880.KQ
제이엘케이,322510.KQ
제이엠멀티,254160.KS
제이엠아이,033050.KQ
제이엠티,094970.KQ
제이오,418550.KQ
제이케이시냅스,060230.KQ
제이투케이바이오,420570.KQ
제이티,089790.KQ
제이피아이헬스케어,0010V0.KQ
제일기획,030000.KS
제일약품,271980.KS
제일엠앤에스,412540.KQ
제일연마,001560.KS
제일일렉트릭,199820.KQ
제일테크노스,038010.KQ
제일파마홀딩스,002620.KS
제주반도체,080220.KQ
제주은행,006220.KS
제주항공,089590.KS
제테마,216080.KQ
젝시믹스,337930.KQ
젠큐릭스,229000.KQ
젬백스,082270.KQ
조광페인트,004910.KS
조광피혁,004700.KS
조비,001550.KS
조선내화,462520.KS
조선선재,120030.KS
조아제약,034940.KQ
조이시티,067000.KQ
조이웍스앤코,309930.KQ
조일알미늄,018470.KS
조흥,002600.KS
종근당,185750.KS
종근당바이오,063160.KS
종근당홀딩스,001630.KS
좋은사람들,033340.KQ
주성엔지니어링,036930.KQ
주성코퍼레이션,109070.KS
주연테크,044380.KS
중앙백신,072020.KQ
중앙에너비스,000440.KQ
중앙첨단소재,051980.KQ
지노믹트리,228760.KQ
지놈앤컴퍼니,314130.KQ
지누스,013890.KS
지니너스,389030.KQ
지니언스,263860.KQ
지니틱스,303030.KQ
지란지교시큐리티,208350.KQ
지슨,446840.KQ
지씨셀,144510.KQ
지씨지놈,340450.KQ
지아이에스,306620.KQ
지아이이노베이션,358570.KQ
지아이텍,382480.KQ
지앤비에스에코,382800.KQ
지앤이헬스케어,299480.KS
지어소프트,051160.KQ
지에스이,053050.KQ
지에이이노더스,076340.KS
지에프씨생명과학,388610.KQ
지에프아이,493330.KQ
지엔씨에너지,119850.KQ
지엔코,065060.KQ
지엘팜텍,204840.KQ
지엠비코리아,013870.KS
지역난방공사,071320.KS
지오엘리먼트,311320.KQ
지투지바이오,456160.KQ
지투파워,388050.KQ
진도,088790.KS
진로발효,018120.KQ
진매트릭스,109820.KQ
진바이오텍,086060.KQ
진성티이씨,036890.KQ
진시스템,363250.KQ
진양산업,003780.KS
진양제약,007370.KQ
진양폴리,010640.KS
진양홀딩스,100250.KS
진양화학,051630.KS
진에어,272450.KS
진영,285800.KQ
진원생명과학,011000.KS
진코스텍,250030.KS
진흥기업,002780.KS
진흥기업2우B,002787.KS
진흥기업우B,002785.KS
질경이,233990.KS
차AI헬스케어,025620.KS
차바이오텍,085660.KQ
차백신연구소,261780.KQ
차이커뮤니케이션,351870.KQ
참엔지니어링,009310.KS
참좋은여행,094850.KQ
창대정밀,368030.KS
창해에탄올,004650.KQ
천보,278280.KQ
천일고속,000650.KS
청담글로벌,362320.KQ
체리부로,066360.KQ
체시스,033250.KS
초록뱀미디어,047820.KQ
칩스앤미디어,094360.KQ
카나프테라퓨틱스,0082N0.KQ
카스,016920.KQ
카이노스메드,284620.KQ
카카오,035720.KS
카카오게임즈,293490.KQ
카카오뱅크,323410.KS
카카오페이,377300.KS
카티스,140430.KQ
카페24,042000.KQ
카프로,006380.KS
캐리,313760.KQ
캐리소프트,317530.KQ
캐스텍코리아,071850.KQ
캐프,198080.KQ
캔버스엔,210120.KQ
캠시스,050110.KQ
캡스톤파트너스,452300.KQ
컨텍,451760.KQ
컬러레이,900310.KQ
컴투스,078340.KQ
컴투스홀딩스,063080.KQ
컴퍼니케이,307930.KQ
케스피온,079190.KQ
케어랩스,263700.KQ
케어젠,214370.KQ
케이디켐,221980.KQ
케이바이오,038530.KQ
케이뱅크,279570.KS
케이비아이동국실업,001620.KS
케이사인,192250.KQ
케이쓰리아이,431190.KQ
케이씨,029460.KS
케이씨에스,115500.KQ
케이씨텍,281820.KS
케이씨티,089150.KQ
케이씨피드,025880.KQ
케이아이엔엑스,093320.KQ
케이알엠,093640.KQ
케이에스피,073010.KQ
케이엔더블유,105330.KQ
케이엔솔,053080.KQ
케이엔알시스템,199430.KQ
케이엔에스,432470.KQ
케이엔제이,272110.KQ
케이엘넷,039420.KQ
케이엠,083550.KQ
케이엠더블유,032500.KQ
케이엠제약,225430.KQ
케이옥션,102370.KQ
케이웨더,068100.KQ
케이이엠텍,106080.KQ
케이지에이,455180.KQ
케이카,381970.KS
케이탑리츠,145270.KS
케이티알파,036030.KQ
케이프,064820.KQ
케이피에프,024880.KQ
케이피엠테크,042040.KQ
케이피티유,054410.KQ
케일럼,258610.KQ
켄코아에어로스페이스,274090.KQ
켈스,402420.KS
켐트로닉스,089010.KQ
켐트로스,220260.KQ
코나솔,176590.KS
코나아이,052400.KQ
코난테크놀로지,402030.KQ
코닉오토메이션,391710.KQ
코다코,046070.KQ
코데즈컴바인,047770.KQ
코디,080530.KQ
코람코더원리츠,417310.KS
코람코라이프인프라리츠,357120.KS
코렌텍,104540.KQ
코리아나,027050.KQ
코리아써우,007815.KS
코리아써키트,007810.KS
코리아써키트2우B,00781K.KS
코리아에셋투자증권,190650.KQ
코리아에프티,123410.KQ
코리안리,003690.KS
코맥스,036690.KQ
코메론,049430.KQ
코미코,183300.KQ
코미팜,041960.KQ
코세스,089890.KQ
코셈,360350.KQ
코셋,189350.KS
코스나인,082660.KQ
코스맥스,192820.KS
코스맥스비티아이,044820.KS
코스맥스엔비티,222040.KQ
코스메카코리아,241710.KQ
코스모신소재,005070.KS
코스모화학,005420.KS
코스텍시스,355150.KQ
코스텍시스템,169670.KS
코아스,071950.KS
코아스템켐온,166480.KQ
코아시아,045970.KQ
코아시아씨엠,196450.KQ
코어라인소프트,384470.KQ
코오롱,002020.KS
코오롱ENP,138490.KS
코오롱글로벌,003070.KS
코오롱글로벌우,003075.KS
코오롱생명과학,102940.KQ
코오롱우,002025.KS
코오롱인더,120110.KS
코오롱인더우,120115.KS
코오롱티슈진,950160.KQ
코웨이,021240.KS
코위버,056360.KQ
코윈테크,282880.KQ
코이즈,121850.KQ
코츠테크놀로지,448710.KQ
코칩,126730.KQ
코콤,015710.KQ
코텍,052330.KQ
코퍼스코리아,322780.KQ
콘텐트리중앙,036420.KS
콜마비앤에이치,200130.KQ
콜마홀딩스,024720.KS
쿠콘,294570.KQ
쿠쿠홀딩스,192400.KS
쿠쿠홈시스,284740.KS
쿼드메디슨,464490.KQ
퀀타매트릭스,317690.KQ
퀄리타스반도체,432720.KQ
큐라켐,456190.KS
큐라클,365270.KQ
큐라티스,348080.KQ
큐렉소,060280.KQ
큐로셀,372320.KQ
큐로홀딩스,051780.KQ
큐리언트,115180.KQ
큐리오시스,494120.KQ
큐리옥스바이오시스템즈,445680.KQ
큐브엔터,182360.KQ
큐알티,405100.KQ
큐에스아이,066310.KQ
큐엠씨,136660.KS
큐캐피탈,016600.KQ
크라우드웍스,355390.KQ
크라운제과,264900.KS
크라운제과우,26490K.KS
크라운해태홀딩스,005740.KS
크라운해태홀딩스우,005745.KS
크래프톤,259960.KS
크레버스,096240.KQ
크레오에스지,040350.KQ
크로넥스,215570.KS
크리스에프앤씨,110790.KQ
크리스탈신소재,900250.KQ
크린앤사이언스,045520.KQ
클래시스,214150.KQ
클로봇,466100.KQ
클리오,237880.KQ
키네마스터,139670.KQ
키다리스튜디오,020120.KS
키스트론,475430.KQ
키움제10호스팩,487720.KQ
키움제11호스팩,489480.KQ
키움증권,039490.KS
키움히어로제1호스팩,466690.KQ
키이스트,054780.KQ
킵스파마,256940.KQ
타스컴,336040.KS
타이거일렉,219130.KQ
타이드,346010.KS
타임기술,318660.KS
타조이엔터테인먼트,476710.KS
탈로스,434190.KS
탑런토탈솔루션,336680.KQ
탑머티리얼,360070.KQ
탑선,180060.KS
탑엔지니어링,065130.KQ
탑코미디어,134580.KQ
태경비케이,014580.KS
태경산업,015890.KS
태경케미컬,006890.KS
태광,023160.KQ
태광산업,003240.KS
태림포장,011280.KS
태성,323280.KQ
태양,053620.KQ
태양3C,052960.KS
태양금속,004100.KS
태양금속우,004105.KS
태양기계,116100.KS
태영건설,009410.KS
태영건설우,009415.KS
태웅,044490.KQ
태웅로직스,124560.KQ
태원물산,001420.KS
테고사이언스,191420.KQ
테라뷰,950250.KQ
테라사이언스,073640.KQ
테라젠이텍스,066700.KQ
테스,095610.KQ
테이팩스,055490.KS
테크엘,064520.KQ
테크윙,089030.KQ
테크트랜스,258050.KS
텔레칩스,054450.KQ
텔코웨어,078000.KS
텔콘RF제약,200230.KQ
토니모리,214420.KS
토마토시스템,393210.KQ
토모큐브,475960.KQ
토박스코리아,215480.KQ
토비스,051360.KQ
토탈소프트,045340.KQ
톱텍,108230.KQ
투비소프트,079970.KQ
툴젠,199800.KQ
트루엔,417790.KQ
트윔,290090.KQ
특수건설,026150.KQ
티디에스팜,464280.KQ
티로보틱스,117730.KQ
티비씨,033830.KQ
티사이언티픽,057680.KQ
티쓰리,204610.KQ
티씨머티리얼즈,125020.KQ
티씨케이,064760.KQ
티앤알바이오팹,246710.KQ
티앤엘,340570.KQ
티에스넥스젠,043220.KQ
티에스아이,277880.KQ
티에스이,131290.KQ
티에이치엔,019180.KS
티에프이,425420.KQ
티엑스알로보틱스,484810.KQ
티엔엔터테인먼트,131100.KQ
티엘비,356860.KQ
티엘엔지니어링,413300.KS
티엠씨,217590.KS
티와이홀딩스,363280.KS
티와이홀딩스우,36328K.KS
티움바이오,321550.KQ
티웨이항공,091810.KS
티웨이홀딩스,004870.KS
티이엠씨,425040.KQ
티이엠씨씨엔에스,241790.KQ
티케이지애강,022220.KQ
티케이케미칼,104480.KQ
티플랙스,081150.KQ
티피씨글로벌,130740.KQ
틸론,217880.KS
팅크웨어,084730.KQ
파두,440110.KQ
파라다이스,034230.KS
파라택시스이더리움,290560.KQ
파라택시스코리아,288330.KQ
파라텍,033540.KQ
파로스아이바이오,388870.KQ
파루,043200.KQ
파마리서치,214450.KQ
파마리서치바이오,217950.KS
파미셀,005690.KS
파버나인,177830.KQ
파세코,037070.KQ
파수,150900.KQ
파워넷,037030.KQ
파워로직스,047310.KQ
파이버프로,368770.KQ
파이오링크,170790.KQ
파인디앤씨,049120.KQ
파인디지털,038950.KQ
파인메딕스,387570.KQ
파인엠텍,441270.KQ
파인테크닉스,106240.KQ
파인텍,131760.KQ
파커스,065690.KQ
파크시스템스,140860.KQ
파트론,091700.KQ
판도라티비,202960.KS
판타지오,032800.KQ
팜스빌,318010.KQ
팜스코,036580.KS
팜스토리,027710.KQ
팜젠사이언스,004720.KS
팡스카이,266350.KS
패션플랫폼,225590.KQ
팬스타엔터프라이즈,054300.KQ
팬엔터테인먼트,068050.KQ
팬오션,028670.KS
팬젠,222110.KQ
팸텍,271830.KQ
퍼스텍,010820.KS
퍼시스,016800.KS
펄어비스,263750.KQ
펌텍코리아,251970.KQ
페니트리움바이오,187660.KQ
페스카로,0015S0.KQ
페이퍼코리아,001020.KS
펨토바이오메드,327610.KS
펨트론,168360.KQ
펩트론,087010.KQ
평화산업,090080.KS
평화홀딩스,010770.KS
포니링크,064800.KQ
포메탈,119500.KQ
포바이포,389140.KQ
포스뱅크,105760.KQ
포스코DX,022100.KS
포스코스틸리온,058430.KS
포스코엠텍,009520.KQ
포스코인터내셔널,047050.KS
포스코퓨처엠,003670.KS
포시에스,189690.KQ
포인트모바일,318020.KQ
포인트엔지니어링,256630.KQ
포커스에이아이,331380.KQ
포톤,208710.KQ
폰드그룹,472850.KQ
폴라리스AI,039980.KQ
폴라리스AI파마,041910.KQ
폴라리스세원,234100.KQ
폴라리스오피스,041020.KQ
폴라리스우노,114630.KQ
푸드나무,290720.KQ
푸드웰,005670.KQ
푸른기술,094940.KQ
푸른저축은행,007330.KQ
풀무원,017810.KS
풍강,093380.KQ
풍국주정,023900.KQ
풍산,103140.KS
풍산홀딩스,005810.KS
풍원정밀,371950.KQ
퓨런티어,370090.KQ
퓨릿,445180.KQ
퓨쳐메디신,341170.KS
퓨쳐켐,220100.KQ
프럼파스트,035200.KQ
프레스티지바이오로직스,334970.KQ
프레스티지바이오파마,950210.KS
프로브잇,227100.KQ
프로이천,321260.KQ
프로젠,296160.KS
프로텍,053610.KQ
프로티나,468530.KQ
프로티아,303360.KQ
프롬바이오,377220.KQ
프리시젼바이오,335810.KQ
프리엠스,053160.KQ
플라즈맵,405000.KQ
플래스크,041590.KQ
플래티어,367000.KQ
플랜티넷,075130.KQ
플럼라인생명과학,222670.KS
플레이그램,009810.KS
플레이디,237820.KQ
플레이위드,023770.KQ
플루토스,019570.KQ
플리토,300080.KQ
피노,033790.KQ
피델릭스,032580.KQ
피씨디렉트,051380.KQ
피씨엘,241820.KQ
피아이이,452450.KQ
피앤씨테크,237750.KQ
피앤에스로보틱스,460940.KQ
피에스케이,319660.KQ
피에스케이홀딩스,031980.KQ
피에스텍,002230.KQ
피에이치에이,043370.KQ
피엔에이치테크,239890.KQ
피엔케이피부임상연구센타,347740.KQ
피엔티,137400.KQ
피엔티엠에스,257370.KQ
피엠티,147760.KQ
피제이메탈,128660.KQ
피제이전자,006140.KQ
피코그램,376180.KQ
피플바이오,304840.KQ
픽셀플러스,087600.KQ
핀텔,291810.KQ
필에너지,378340.KQ
필옵틱스,161580.KQ
핌스,347770.KQ
핑거,163730.KQ
핑거스토리,417180.KQ
하나30호스팩,469880.KQ
하나31호스팩,469900.KQ
하나32호스팩,475240.KQ
하나33호스팩,475250.KQ
하나34호스팩,484130.KQ
하나35호스팩,0041L0.KQ
하나36호스팩,0101C0.KQ
하나금융지주,086790.KS
하나기술,299030.KQ
하나마이크론,067310.KQ
하나머티리얼즈,166090.KQ
하나제약,293480.KS
하나투어,039130.KS
하림,136480.KQ
하림지주,003380.KQ
하스,450330.KQ
하이드로리튬,101670.KQ
하이딥,365590.KQ
하이로닉,149980.KQ
하이록코리아,013030.KQ
하이브,352820.KS
하이비젼시스템,126700.KQ
하이스틸,071090.KS
하이젠알앤엠,160190.KQ
하이즈항공,221840.KQ
하이텍팜,106190.KQ
하이트진로,000080.KS
하이트진로2우B,000087.KS
하이트진로홀딩스,000140.KS
하이트진로홀딩스우,000145.KS
하이퍼코퍼레이션,065650.KQ
하츠,066130.KQ
한국ANKOR유전,152550.KS
한국가구,004590.KQ
한국가스공사,036460.KS
한국경제TV,039340.KQ
한국공항,005430.KS
한국금융지주,071050.KS
한국금융지주우,071055.KS
한국기업평가,034950.KQ
한국내화,010040.KS
한국단자,025540.KS
한국맥널티,222980.KQ
한국무브넥스,010100.KS
한국미라클피플사,331660.KS
한국비엔씨,256840.KQ
한국비티비,219750.KQ
한국석유,004090.KS
한국선재,025550.KQ
한국수출포장,002200.KS
한국쉘석유,002960.KS
한국알콜,017890.KQ
한국앤컴퍼니,000240.KS
한국유니온제약,080720.KQ
한국자산신탁,123890.KS
한국전력,015760.KS
한국전자인증,041460.KQ
한국전자홀딩스,006200.KS
한국정밀기계,101680.KQ
한국정보공학,039740.KQ
한국정보인증,053300.KQ
한국정보통신,025770.KQ
한국제12호스팩,458610.KQ
한국제13호스팩,464440.KQ
한국제15호스팩,479880.KQ
한국제지,027970.KS
한국종합기술,023350.KS
한국주강,025890.KS
한국주철관,000970.KS
한국철강,104700.KS
한국첨단소재,062970.KQ
한국카본,017960.KS
한국캐피탈,023760.KQ
한국컴퓨터,054040.KQ
한국콜마,161890.KS
한국큐빅,021650.KQ
한국타이어앤테크놀로지,161390.KS
한국토지신탁,034830.KS
한국특강,007280.KS
한국파마,032300.KQ
한국팩키지,037230.KQ
한국피아이엠,448900.KQ
한국항공우주,047810.KS
한국화장품,123690.KS
한국화장품제조,003350.KS
한글과컴퓨터,030520.KQ
한네트,052600.KQ
한농화성,011500.KS
한독,002390.KS
한독크린텍,256150.KQ
한라IMS,092460.KQ
한라캐스트,125490.KQ
한미글로벌,053690.KS
한미반도체,042700.KS
한미사이언스,008930.KS
한미약품,128940.KS
한빛레이저,452190.KQ
한빛소프트,047080.KQ
한샘,009240.KS
한선엔지니어링,452280.KQ
한섬,020000.KS
한성기업,003680.KS
한성크린텍,066980.KQ
한세실업,105630.KS
한세엠케이,069640.KS
한세예스24홀딩스,016450.KS
한솔로지스틱스,009180.KS
한솔아이원스,114810.KQ
한솔제지,213500.KS
한솔케미칼,014680.KS
한솔테크닉스,004710.KS
한솔홀딩스,004150.KS
한솔홈데코,025750.KS
한스바이오메드,042520.KQ
한신공영,004960.KS
한신기계,011700.KS
한싹,430690.KQ
한양디지텍,078350.KQ
한양이엔지,045100.KQ
한양증권,001750.KS
한양증권우,001755.KS
한온시스템,018880.KS
한올바이오파마,009420.KS
한울반도체,320000.KQ
한울소재과학,091440.KQ
한울앤제주,276730.KQ
한익스프레스,014130.KS
한일단조,024740.KQ
한일사료,005860.KQ
한일시멘트,300720.KS
한일철강,002220.KS
한일홀딩스,003300.KS
한일화학,007770.KQ
한전KPS,051600.KS
한전기술,052690.KS
한전산업,130660.KS
한주라이트메탈,198940.KQ
한주에이알티,058450.KQ
한중엔시에스,107640.KQ
한진,002320.KS
한진중공업홀딩스,003480.KS
한진칼,180640.KS
한진칼우,18064K.KS
한창,005110.KS
한창산업,079170.KQ
한창제지,009460.KS
한컴라이프케어,372910.KS
한컴위드,054920.KQ
한켐,457370.KQ
한탑,002680.KQ
한텍,098070.KQ
한패스,408470.KQ
한화,000880.KS
한화3우B,00088K.KS
한화갤러리아,452260.KS
한화갤러리아우,45226K.KS
한화리츠,451800.KS
한화비전,489790.KS
한화생명,088350.KS
한화손해보험,000370.KS
한화솔루션,009830.KS
한화솔루션우,009835.KS
한화시스템,272210.KS
한화에어로스페이스,012450.KS
한화엔진,082740.KS
한화오션,042660.KS
한화투자증권,003530.KS
한화투자증권우,003535.KS
한화플러스제4호스팩,455310.KQ
한화플러스제5호스팩,498390.KQ
해성디에스,195870.KS
해성산업,034810.KQ
해성산업1우,03481K.KQ
해성에어로보틱스,059270.KQ
해성옵틱스,076610.KQ
해태제과식품,101530.KS
핸디소프트,220180.KQ
핸즈코퍼레이션,143210.KS
헝셩그룹,900270.KQ
헥토이노베이션,214180.KQ
헥토파이낸셜,234340.KQ
헬릭스미스,084990.KQ
현대건설,000720.KS
현대건설우,000725.KS
현대공업,170030.KQ
현대그린푸드,453340.KS
현대글로비스,086280.KS
현대로템,064350.KS
현대리바트,079430.KS
현대모비스,012330.KS
현대무벡스,319400.KQ
현대바이오,048410.KQ
현대바이오랜드,052260.KQ
현대백화점,069960.KS
현대비앤지스틸,004560.KS
현대사료,016790.KQ
현대약품,004310.KS
현대에버다임,041440.KQ
현대에이치티,039010.KQ
현대엘리베이터,017800.KS
현대오토에버,307950.KS
현대위아,011210.KS
현대이지웰,090850.KQ
현대제철,004020.KS
현대지에프홀딩스,005440.KS
현대차,005380.KS
현대차2우B,005387.KS
현대차3우B,005389.KS
현대차우,005385.KS
현대차증권,001500.KS
현대코퍼레이션,011760.KS
현대코퍼레이션홀딩스,227840.KS
현대퓨처넷,126560.KS
현대해상,001450.KS
현대홈쇼핑,057050.KS
현대힘스,460930.KQ
현우산업,092300.KQ
형지I&C,011080.KQ
형지글로벌,308100.KQ
형지엘리트,093240.KS
혜인,003010.KS
호전실업,111110.KS
호텔신라,008770.KS
호텔신라우,008775.KS
홈캐스트,064240.KQ
화성밸브,039610.KQ
화승알앤에이,378850.KS
화승엔터프라이즈,241590.KS
화승인더,006060.KS
화승코퍼레이션,013520.KS
화신,010690.KS
화신정공,126640.KQ
화인베스틸,133820.KS
화인써키트,127980.KQ
화일약품,061250.KQ
화천기계,010660.KS
화천기공,000850.KS
환인제약,016580.KS
황금에스티,032560.KS
효성,004800.KS
효성ITX,094280.KS
효성오앤비,097870.KQ
효성중공업,298040.KS
효성티앤씨,298020.KS
효성화학,298000.KS
후성,093370.KS
휴네시온,290270.KQ
휴니드,005870.KS
휴럼,353190.KQ
휴림로봇,090710.KQ
휴림에이텍,078590.KQ
휴마시스,205470.KQ
휴맥스,115160.KQ
휴맥스홀딩스,028080.KQ
휴먼테크놀로지,175140.KQ
휴메딕스,200670.KQ
휴비스,079980.KS
휴비츠,065510.KQ
휴스틸,005010.KS
휴엠앤씨,263920.KQ
휴온스,243070.KQ
휴온스글로벌,084110.KQ
휴젤,145020.KQ
흥구석유,024060.KQ
흥국,010240.KQ
흥국에프엔비,189980.KQ
흥국화재,000540.KS
흥국화재우,000545.KS
흥아해운,003280.KS
희림,037440.KQ
힘스,238490.KQ
KODEX200,069500.KS
TIGER미국S&P500,360750.KS
TIGER반도체TOP10,396500.KS
KODEX머니마켓액티브,488770.KS
KODEXCD금리액티브(합성),459580.KS
KODEX미국S&P500,379800.KS
TIGER미국나스닥100,133690.KS
KODEX코스닥150,229200.KS
TIGER200,102110.KS
KODEX미국나스닥100,379810.KS
KODEX200TR,278530.KS
TIGERCD금리투자KIS(합성),357870.KS
ACEKRX금현물,411060.KS
KODEX레버리지,122630.KS
KODEXKOFR금리액티브(합성),423160.KS
KODEX종합채권(AA-이상)액티브,273130.KS
KODEX코스닥150레버리지,233740.KS
TIGERMSCIKOREATR,310970.KS
KODEX반도체,091160.KS
TIGER미국테크TOP10INDXX,381170.KS
KODEX200타겟위클리커버드콜,498400.KS
TIGER머니마켓액티브,0043B0.KS
TIGER미국필라델피아반도체나스닥,381180.KS
ACE미국S&P500,360200.KS
TIGER미국배당다우존스,458730.KS
KODEXCD1년금리플러스액티브(합성),481050.KS
RISE200,148020.KS
ACE미국나스닥100,367380.KS
RISE머니마켓액티브,455890.KS
PLUS고배당주,161510.KS
TIGERKOFR금리액티브(합성),449170.KS
KODEX삼성그룹,102780.KS
TIGER코스닥150,232080.KS
KODEX단기채권PLUS,214980.KS
TIGER코리아TOP10,292150.KS
KODEX2차전지산업,305720.KS
KODEXMSCIKOREATR,278540.KS
KODEXAI반도체,395160.KS
ACE미국30년국채액티브(H),453850.KS
RISE종합채권(A-이상)액티브,385540.KS
SOL조선TOP3플러스,466920.KS
KODEXAI전력핵심설비,487240.KS
TIGERCD1년금리액티브(합성),475630.KS
PLUSK방산,449450.KS
HANAROFNK-반도체,395270.KS
KODEX200선물인버스2X,252670.KS
TIGER리츠부동산인프라,329200.KS
RISECD금리액티브(합성),477080.KS
KODEX200미국채혼합,284430.KS
TIGERKRX금현물,0072R0.KS
KODEX26-12금융채(AA-이상)액티브,0117L0.KS
KODEX미국배당커버드콜액티브,441640.KS
KIWOOM200TR,294400.KS
TIGER차이나전기차SOLACTIVE,371460.KS
RISE미국S&P500,379780.KS
KODEX미국AI전력핵심인프라,487230.KS
KODEXTOP5PLUSTR,315930.KS
KODEX은선물(H),144600.KS
ACE200,105190.KS
RISE미국나스닥100,368590.KS
TIGER12월자동연장금융채(AA-이상)액티브,0139F0.KS
SOL종합채권(AA-이상)액티브,436140.KS
TIGER미국나스닥100타겟데일리커버드콜,486290.KS
TIGER단기통안채,157450.KS
PLUS200,152100.KS
TIGER2차전지테마,305540.KS
ACE테슬라밸류체인액티브,457480.KS
KODEX인버스,114800.KS
TIGER미국30년국채커버드콜액티브(H),476550.KS
KODEX삼성전자채권혼합,448330.KS
TIME글로벌AI인공지능액티브,456600.KS
TIGER종합채권(AA-이상)액티브,451540.KS
TIGER반도체TOP10레버리지,488080.KS
ACE종합채권(AA-이상)액티브,356540.KS
SOL초단기채권액티브,469830.KS
ACE글로벌반도체TOP4PLUS,446770.KS
TIGER은행고배당플러스TOP10,466940.KS
TIME미국나스닥100액티브,426030.KS
KODEX증권,102970.KS
SOLAI반도체소부장,455850.KS
SOL미국배당다우존스,446720.KS
ACE미국빅테크TOP7PLUS,465580.KS
ACE미국S&P500미국채혼합50액티브,438080.KS
KODEX로봇액티브,445290.KS
KOACT코스닥액티브,0163Y0.KS
KODEX반도체레버리지,494310.KS
1Q머니마켓액티브,479080.KS
KODEX미국30년국채타겟커버드콜(합성H),481060.KS
TIGER배당커버드콜액티브,472150.KS
KODEX200액티브,494890.KS
TIGER차이나항셍테크,371160.KS
TIGER200IT,139260.KS
RISE단기특수은행채액티브,0061Z0.KS
RISEKOFR금리액티브(합성),479520.KS
ACE미국배당다우존스,402970.KS
ACE머니마켓액티브,487340.KS
KODEX코스피,226490.KS
TIGER미국필라델피아AI반도체나스닥,497570.KS
TIGER반도체,091230.KS
HANARO원자력ISELECT,434730.KS
TIGER2차전지소재FN,462010.KS
RISE코리아밸류업,495050.KS
KODEX미국반도체,390390.KS
PLUS고배당주채권혼합,251600.KS
TIGERK방산&우주,463250.KS
KODEX2차전지산업레버리지,462330.KS
TIGER미국배당다우존스타겟커버드콜2호,458760.KS
TIGER코리아원자력,0091P0.KS
KODEX단기채권,153130.KS
RISE200위클리커버드콜,475720.KS
SOL코리아메가테크액티브,444200.KS
TIGER조선TOP10,494670.KS
KODEX미국S&P500(H),449180.KS
TIGER단기채권액티브,272580.KS
TIGER미국달러SOFR금리액티브(합성),456610.KS
TIGER현대차그룹플러스,138540.KS
KODEX미국달러SOFR금리액티브(합성),455030.KS
KODEX금융고배당TOP10타겟위클리커버드콜,498410.KS
KODEX미국나스닥100데일리커버드콜OTM,494300.KS
RISE삼성전자SK하이닉스채권혼합50,0162Z0.KS
TIMEKOREA플러스배당액티브,441800.KS
RISEKIS국고채30년ENHANCED,385560.KS
TIGER우량회사채액티브,438330.KS
KODEX코스피100,237350.KS
KODEX미국머니마켓액티브,0048J0.KS
ACE미국나스닥100미국채혼합50액티브,438100.KS
KODEX코리아밸류업,495850.KS
KODEX미국30년국채액티브(H),484790.KS
TIGER테슬라채권혼합FN,447770.KS
SOL코리아고배당,0105E0.KS
KODEX국고채10년액티브,471230.KS
TIGER미국30년국채스트립액티브(합성H),458250.KS
TIGER2차전지TOP10,364980.KS
TIGERTDF2045,0025N0.KS
KOACT바이오헬스케어액티브,462900.KS
KODEX한국부동산리츠인프라,476800.KS
ACE미국대형성장주액티브,0127P0.KS
KODEX미국빅테크10(H),314250.KS
TIGER코리아AI전력기기TOP3플러스,0117V0.KS
KODEX국고채3년,114260.KS
1Q미국우주항공테크,0131V0.KS
TIGER미국S&P500타겟데일리커버드콜,482730.KS
KIWOOM200,069660.KS
KODEX26-12회사채(AA-이상)액티브,473290.KS
TIGER코리아휴머노이드로봇산업,0148J0.KS
KODEX자동차,091180.KS
TIME코스닥액티브,0162Y0.KS
KODEX미국AI테크TOP10타겟커버드콜,483280.KS
ACEAI반도체TOP3+,469150.KS
TIGER27-04회사채(A+이상)액티브,480260.KS
KODEXTDF2050액티브,434060.KS
RISE코스닥150,270810.KS
KODEX미국배당다우존스,489250.KS
PLUS머니마켓액티브,477050.KS
TIGER미국달러단기채권액티브,329750.KS
TIGER글로벌AI전력인프라액티브,491010.KS
KODEXMSCI선진국,251350.KS
TIGER코리아배당다우존스,0052D0.KS
ACE국고채10년,365780.KS
KODEX은행,091170.KS
TIGER미국테크TOP10타겟커버드콜,474220.KS
HANARO200,293180.KS
KIWOOM국고채10년,148070.KS
TIGERCD금리플러스액티브(합성),499660.KS
KODEX방산TOP10,0080G0.KS
KODEX미국나스닥100(H),449190.KS
KODEX골드선물(H),132030.KS
PLUS종합채권(AA-이상)액티브,451000.KS
RISEAI&로봇,469070.KS
TIGER미국S&P500(H),448290.KS
RISE미국AI밸류체인데일리고정커버드콜,490590.KS
KODEXAI반도체핵심장비,471990.KS
KIWOOM종합채권(AA-이상)액티브,454780.KS
SOL미국배당미국채혼합50,490490.KS
TIMEK바이오액티브,463050.KS
RISE대형고배당10TR,315960.KS
KODEX27-12회사채(AA-이상)액티브,0007F0.KS
TIGER코리아밸류업,496080.KS
TIGER증권,157500.KS
TIGER일본니케이225,241180.KS
RISE글로벌자산배분액티브,461490.KS
TIGER미국초단기(3개월이하)국채,0046A0.KS
KODEX고배당주,279530.KS
TIME글로벌우주테크&방산액티브,478150.KS
SOL200TR,295040.KS
SOL금융지주플러스고배당,484880.KS
SOL미국30년국채커버드콜(합성),473330.KS
KODEX인도NIFTY50,453810.KS
RISE200TR,361580.KS
TIGER코스피,277630.KS
ACE미국달러SOFR금리(합성),456880.KS
TIGER차이나휴머노이드로봇,0053L0.KS
TIGER지주회사,307520.KS
TIGER200중공업,139230.KS
SOL중단기회사채(A-이상)액티브,0016X0.KS
TIGER인도니프티50,453870.KS
RISE26-11회사채(AA-이상)액티브,0122W0.KS
KODEX국고채30년액티브,439870.KS
SOL미국양자컴퓨팅TOP10,0023A0.KS
TIGER토탈월드스탁액티브,0060H0.KS
TIGER미국나스닥100커버드콜(합성),441680.KS
KODEX테슬라커버드콜채권혼합액티브,475080.KS
RISE코스피,302450.KS
SOL팔란티어커버드콜OTM채권혼합,0040Y0.KS
RISE글로벌원자력,442320.KS
RISE미국30년국채엔화노출(합성H),472870.KS
TIGER미국필라델피아반도체레버리지(합성),423920.KS
KODEX단기변동금리부채권액티브,273140.KS
KODEX미국종합채권ESG액티브(H),437080.KS
KODEX미국성장커버드콜액티브,0144L0.KS
PLUS글로벌HBM반도체,442580.KS
RISE미국테크100데일리고정커버드콜,491620.KS
KODEX장기종합채권(AA-이상)액티브,363570.KS
TIGER미국테크TOP10채권혼합,472170.KS
ACE미국30년국채액티브,476760.KS
TIGER글로벌AI액티브,466950.KS
RISE단기채권알파액티브,385550.KS
TIGER화장품,228790.KS
KODEXESG종합채권(A-이상)액티브,439860.KS
ACE베트남VN30(합성),245710.KS
ACE원자력TOP10,433500.KS
TIGER미국나스닥100채권혼합FN,435420.KS
KODEX원자력SMR,0098F0.KS
TIGER28-04회사채(A+이상)액티브,0094K0.KS
TIGER글로벌리튬&2차전지SOLACTIVE(합성),394670.KS
PLUS우주항공&UAM,421320.KS
KODEX신재생에너지액티브,385510.KS
RISEESG사회책임투자,290130.KS
TIGER미국테크TOP10INDXX(H),472160.KS
TIGER미국투자등급회사채액티브(H),458260.KS
KODEX미국휴머노이드로봇,0038A0.KS
SOL26-12회사채(AA-이상)액티브,488980.KS
KODEX바이오,244580.KS
SOL미국테크TOP10,481190.KS
KODEX차이나CSI300,283580.KS
TIGER미국나스닥100(H),448300.KS
TIGER바이오TOP10,364970.KS
SOL미국S&P500,433330.KS
RISE단기통안채,196230.KS
RISE삼성그룹TOP3채권혼합,448630.KS
TIGER중장기국채,302190.KS
KODEX미국AI테크TOP10,485540.KS
TIGER미국나스닥100레버리지(합성),418660.KS
KODEXTRF3070,329650.KS
1Q미국S&P500미국채혼합50액티브,0052S0.KS
KODEX금액티브,0064K0.KS
TIGER코스닥150레버리지,233160.KS
PLUS고배당주위클리커버드콜,489030.KS
SOL미국원자력SMR,0051G0.KS
TIGER미국채10년선물,305080.KS
1Q200액티브,451060.KS
ACE엔비디아채권혼합,448540.KS
KODEX2차전지핵심소재10,461950.KS
TIME코스피액티브,385720.KS
RISEAI반도체TOP10,0093A0.KS
TIGER미국AI빅테크10타겟데일리커버드콜,493810.KS
TIGER구리실물,160580.KS
SOL미국AI전력인프라,486450.KS
KODEX미국서학개미,473460.KS
TIGER차이나테크TOP10,0047A0.KS
1Q미국S&P500,0026S0.KS
KODEX주주환원고배당주,0153K0.KS
KODEX미국달러선물인버스2X,261260.KS
RISE2차전지액티브,422420.KS
KODEX삼성그룹밸류,213610.KS
PLUS한화그룹주,0000J0.KS
ACE코스닥150,354500.KS
KODEX금융고배당TOP10,0089D0.KS
KIWOOM머니마켓액티브,476450.KS
1QCD금리액티브(합성),491610.KS
KOACT코리아밸류업액티브,495230.KS
TIGER200TR,310960.KS
RISE단기국공채액티브,272560.KS
SOL팔란티어미국채커버드콜혼합,0040X0.KS
SOLAI반도체TOP2플러스,0167A0.KS
KODEX차이나휴머노이드로봇,0048K0.KS
RISEAI전력인프라,0101N0.KS
KODEX코스닥150선물인버스,251340.KS
SOLCD금리&머니마켓액티브,497880.KS
RISE고배당,266160.KS
WON전단채플러스액티브,496020.KS
TIME미국S&P500액티브,426020.KS
ACE단기통안채,190620.KS
HK종합채권(AA-이상)액티브,472920.KS
KIWOOM미국양자컴퓨팅,498270.KS
ACE26-06회사채(AA-이상)액티브,461270.KS
SOL자동차TOP3플러스,466930.KS
TIGER차이나반도체FACTSET,396520.KS
TIGER레버리지,123320.KS
KIWOOM인도NIFTY50(합성),200250.KS
KIWOOM26-09회사채(AA-이상)액티브,464240.KS
TIME차이나AI테크액티브,0043Y0.KS
SOL미국배당다우존스(H),452360.KS
TIGER헬스케어,143860.KS
SOL27-12회사채(AA-이상)액티브,0092C0.KS
TIGER미국배당다우존스타겟데일리커버드콜,0008S0.KS
1Q미국나스닥100미국채혼합50액티브,0111P0.KS
RISE네트워크인프라,367760.KS
TIGER차이나과창판STAR50(합성),414780.KS
KODEX미국30년국채울트라선물(H),304660.KS
TIGER미국AI빅테크10,490090.KS
HANARO200TR,332930.KS
RISE비메모리반도체액티브,388420.KS
TIGER26-04회사채(A+이상)액티브,0001S0.KS
ACE엔비디아밸류체인액티브,483320.KS
KIWOOMCD금리액티브(합성),458210.KS
TIGER미국AI전력SMR,0123G0.KS
KODEX코리아배당성장채권혼합,237370.KS
KOACT미국나스닥성장기업액티브,0015B0.KS
RISE국고채3년,114100.KS
KODEX미국나스닥100레버리지(합성H),409820.KS
SOL한국원자력SMR,0092B0.KS
TIGERAI반도체핵심공정,471760.KS
KOACT글로벌AI&로봇액티브,471040.KS
SOL전고체배터리&실리콘음극재,0005D0.KS
KODEX미국우주항공,0167Z0.KS
KODEX28-12회사채(AA-이상)액티브,0119H0.KS
ACE미국빅테크7+데일리타겟커버드콜(합성),480020.KS
KODEX미국10년국채액티브(H),0091C0.KS
SOL2차전지소부장FN,455860.KS
KODEX배당가치,325020.KS
KODEX차이나항셍테크,372330.KS
TIGER미국S&P500배당귀족,429000.KS
KODEX미국배당다우존스타겟커버드콜,483290.KS
TIGER미국MSCI리츠(합성H),182480.KS
TIGER2차전지TOP10레버리지,412570.KS
TIGER차이나CSI300,192090.KS
KODEX미국S&P500데일리커버드콜OTM,0005A0.KS
1Q단기금융채액티브,463290.KS
ACE미국500데일리타겟커버드콜(합성),480030.KS
PLUS금채권혼합,0138Y0.KS
RISE중기우량회사채,136340.KS
WON반도체밸류체인액티브,474590.KS
TIME미국나스닥100채권혼합50액티브,0019K0.KS
KODEX성장주,325010.KS
RISETDF2050액티브,442570.KS
ACE구글밸류체인액티브,483340.KS
ACE우량회사채(AA-이상)액티브,0099L0.KS
ACE200TR,332500.KS
TIGER국고채30년스트립액티브,451530.KS
SOL미국AI소프트웨어,481180.KS
TIGER200선물레버리지,267770.KS
KODEX미국S&P500선물(H),219480.KS
KODEX금융채1~2년(AA-이상)PLUS액티브,0162M0.KS
TIGER미국다우존스30,245340.KS
SOL국고채10년,438570.KS
TIME코리아밸류업액티브,495060.KS
KODEXWTI원유선물(H),261220.KS
마이다스코스피액티브,403790.KS
TIGER200타겟위클리커버드콜,0104N0.KS
TIGER골드선물(H),319640.KS
ACEKPOP포커스,475050.KS
RISE수소경제테마,367770.KS
TIGER국채3년,114820.KS
ACE미국WIDEMOAT동일가중,309230.KS
SOL조선TOP3플러스레버리지,0080Y0.KS
PLUS국공채머니마켓액티브,491230.KS
ACE미국10년국채액티브(H),0085N0.KS
KODEX조선TOP10,0115D0.KS
ACE포스코그룹포커스,469170.KS
TIGER미국S&P500동일가중,488500.KS
ACE중국본토CSI300,168580.KS
TIGER글로벌혁신블루칩TOP10,464930.KS
1Q단기특수은행채액티브,0131W0.KS
SOL국제금,0066W0.KS
ACE미국대형가치주액티브,0127M0.KS
KODEXTDF2040액티브,433980.KS
마이티26-09특수채(AAA)액티브,465780.KS
HK26-12회사채(AA-이상)액티브,0000Y0.KS
SOLK방산,490480.KS
SOL200타겟위클리커버드콜,0167B0.KS
KOACTK수출핵심기업TOP30액티브,0074K0.KS
KODEXWTI원유선물인버스(H),271050.KS
UNICORNSK하이닉스밸류체인액티브,494220.KS
RISE국고채10년액티브,481430.KS
RISE미국배당100데일리고정커버드콜,490600.KS
RISE코스닥150선물레버리지,278240.KS
KODEXTDF2060액티브,0082V0.KS
SOL코리아밸류업TR,495550.KS
TIGERFN신재생에너지,377990.KS
KODEXISHARES미국하이일드액티브,468380.KS
TIGER차이나CSI300레버리지(합성),204480.KS
TIGER글로벌AI&로보틱스INDXX,464310.KS
KODEX미국10년국채선물,308620.KS
TIGER미디어컨텐츠,228810.KS
파워종합채권(AA-이상)액티브,498180.KS
HANARO전력설비투자,491820.KS
파워200,152870.KS
SOL미국S&P500ESG,399110.KS
TIGER기술이전바이오액티브,0168K0.KS
1Q미국나스닥100,0069M0.KS
BNK26-06특수채(AAA이상)액티브,495710.KS
ITF중기종합채권(AA-이상)액티브,0135Y0.KS
TIGER소프트웨어,157490.KS
SOL글로벌AI반도체탑픽액티브,423170.KS
KODEX미국AI반도체TOP3플러스,0151S0.KS
RISE국채선물10년인버스,295020.KS
HANARO글로벌금채굴기업,473640.KS
TIGER글로벌자율주행&전기차SOLACTIVE,394660.KS
PLUS코스피TR,328370.KS
KODEX건설,117700.KS
HANARO27-06회사채(AA-이상)액티브,0091M0.KS
HANARO종합채권(AA-이상)액티브,461500.KS
TIGER인도빌리언컨슈머,479730.KS
TIGERBBIG,364960.KS
PLUS테슬라위클리커버드콜채권혼합,0132K0.KS
RISE코리아전략산업액티브,0151P0.KS
ACE미국AI테크핵심산업액티브,0118Z0.KS
KODEX미국나스닥100선물(H),304940.KS
ACE미국빅테크TOP7PLUS레버리지(합성),465610.KS
ACE미국반도체데일리타겟커버드콜(합성),480040.KS
PLUS태양광&ESS,457990.KS
KODEX200ITTR,363580.KS
ACE미국10년국채액티브,0085P0.KS
KODEX미국나스닥AI테크액티브,411420.KS
TIGER미국나스닥바이오,203780.KS
KODEXTRF5050,329660.KS
HANAROCAPEX설비투자ISELECT,454320.KS
TIGER미국방산TOP10,494840.KS
KODEX코리아배당성장,211900.KS
SOL미국TOP5채권혼합50,447620.KS
KIWOOM코리아밸류업,496090.KS
RISE미국휴머노이드로봇,0036R0.KS
RISE메타버스,401170.KS
1Q코리아밸류업,495330.KS
TIGER200IT레버리지,243880.KS
PLUS자사주매입고배당주,0098N0.KS
KODEX헬스케어,266420.KS
TIGER리츠부동산인프라TOP10액티브,0086B0.KS
KODEX코스피TR,359210.KS
1Q현대차그룹채권(A+이상)&국고통안,492500.KS
KODEX코리아소버린AI,0115E0.KS
KIWOOM단기자금,130730.KS
1Q종합채권(AA-이상)액티브,0017Y0.KS
WON200,448100.KS
HANAROFN조선해운,441540.KS
ACE미국30년국채엔화노출액티브(H),476750.KS
TIME글로벌탑픽액티브,0113D0.KS
PLUS글로벌휴머노이드로봇액티브,0035T0.KS
ACE11월만기자동연장회사채AA-이상액티브,473440.KS
TIGER배당성장,211560.KS
TIGER삼성그룹,138520.KS
1Q중단기회사채(A-이상)액티브,0052T0.KS
ACE글로벌인컴TOP10,460960.KS
PLUS고배당주위클리고정커버드콜,0018C0.KS
TIGER200건설,139220.KS
PLUS신흥국MSCI(합성H),195980.KS
HANARO증권고배당TOP3플러스,0111J0.KS
TIGER미국S&P500선물(H),143850.KS
TIGER코스피고배당,210780.KS
KODEX미국S&P500변동성확대시커버드콜,0089C0.KS
KODEX200ESG,337160.KS
TIGER코스닥150바이오테크,261070.KS
ACE미국배당퀄리티+커버드콜액티브,0049M0.KS
RISE미국S&P500(H),453330.KS
KODEX미국달러선물,261240.KS
KODEXTRF7030,329670.KS
SOL국제금커버드콜액티브,0022T0.KS
TIGER글로벌AI플랫폼액티브,412770.KS
PLUS미국S&P500(H),269540.KS
KODEX미국달러선물인버스,261270.KS
KODEXTDF2030액티브,433970.KS
KODEX미국원자력SMR,0132H0.KS
PLUS코스피50,122090.KS
ACE삼성그룹섹터가중,108450.KS
TIGER여행레저,228800.KS
HANAROMSCIKOREATR,332940.KS
TIGER미국AI소프트웨어TOP4PLUS,0102A0.KS
SOL미국나스닥100,476030.KS
PLUS국고채10년액티브,461460.KS
WON미국우주항공방산,440910.KS
RISEIT플러스,326240.KS
KOACT배당성장액티브,476850.KS
RISE2차전지TOP10,465330.KS
ACE8월만기자동연장회사채AA-이상액티브,475280.KS
KODEX메타버스액티브,401470.KS
ACE라이프자산주주가치액티브,494330.KS
RISE바이오TOP10액티브,0000Z0.KS
RISE버크셔포트폴리오TOP10,475350.KS
SOL반도체후공정,475310.KS
HANARO200선물레버리지,304780.KS
KIWOOM단기채권ESG액티브,419890.KS
TIGER차이나전기차레버리지(합성),456680.KS
ACETDF2050액티브,0021E0.KS
WON초대형IB&금융지주,0154F0.KS
ACE중장기국공채액티브,272910.KS
아이엠에셋200,0007N0.KS
ACE단기채권알파액티브,440640.KS
SOL반도체전공정,475300.KS
KODEX방산TOP10레버리지,0100K0.KS
TIGER중국소비테마,150460.KS
SOL화장품TOP3플러스,0008T0.KS
RISE미국AI밸류체인TOP3PLUS,485690.KS
HK200,491700.KS
WON미국S&P500,444490.KS
ACE고배당주,0139P0.KS
KIWOOM미국나스닥100(H),453080.KS
KODEX친환경조선해운액티브,445150.KS
KIWOOM미국원유에너지기업,474800.KS
HANARO26-12은행채(AA+이상)액티브,0123S0.KS
WON국공채머니마켓액티브,458030.KS
PLUS글로벌방산,496770.KS
TIGER코리아테크액티브,471780.KS
KODEX미국S&P500헬스케어,453640.KS
RISE미국달러SOFR금리액티브(합성),455960.KS
RISE200선물레버리지,252400.KS
ACE주주환원가치주액티브,447430.KS
KODEX미국S&P500테크놀로지,463680.KS
RISE미국30년국채커버드콜(합성),472830.KS
KODEX200동일가중,252650.KS
TIGER엔비디아미국채커버드콜밸런스(합성),0000D0.KS
HANARO머니마켓액티브,486830.KS
TIGER미국배당다우존스타겟커버드콜1호,458750.KS
DAISHIN343AI반도체&인프라액티브,486240.KS
PLUS국채선물3년,298340.KS
TIGER차이나바이오테크SOLACTIVE,371470.KS
PLUS미국S&P500미국채혼합50액티브,0057H0.KS
TIGER200선물인버스2X,252710.KS
SOL미국S&P500미국채혼합50,0080X0.KS
PLUS글로벌희토류&전략자원생산기업,415920.KS
PLUS단기채권액티브,278620.KS
PLUS코리아밸류업,495040.KS
ACE미국하이일드액티브(H),455660.KS
TIGER글로벌4차산업혁신기술(합성H),275980.KS
KOACT미국나스닥채권혼합50액티브,0104H0.KS
KODEX미국S&P500버퍼6월액티브,0068M0.KS
KIWOOM국고채3년,114470.KS
TIGERFN메타버스,400970.KS
KODEX한국대만IT프리미어,298770.KS
TIGER인버스,123310.KS
ITFK-AI반도체코어테크,0005G0.KS
KODEX미국S&P500에너지(합성),218420.KS
TIGER금은선물(H),139320.KS
KODEXKRX300,292190.KS
TIGER미국AI데이터센터TOP4PLUS,0142D0.KS
ACE미국30년국채선물레버리지(합성H),452250.KS
KODEX일본TOPIX100,101280.KS
KODEX코스피대형주,337140.KS
WON종합채권(AA-이상)액티브,488720.KS
ACE미국주식베스트셀러,473590.KS
TIGER미국S&P500레버리지(합성H),225040.KS
KODEX미국S&P500액티브,0041E0.KS
KODEXTOP10동일가중,395170.KS
PLUS글로벌원자력밸류체인,0007G0.KS
KODEX미국AI소프트웨어TOP10,0041D0.KS
TIGER차이나글로벌리더스TOP3+,0067V0.KS
DAISHIN343K200,434960.KS
RISE코리아금융고배당,498860.KS
KODEX일본부동산리츠(H),352540.KS
HK머니마켓액티브,0113P0.KS
WON대한민국국고채액티브,426150.KS
RISE국고채3년선물인버스,282000.KS
KIWOOM미국S&P500,449770.KS
TIGER경기방어,139280.KS
ACE미국배당퀄리티,0046Y0.KS
TIGERAI코리아그로스액티브,365040.KS
SOL국고채3년,438560.KS
TIGER인터넷TOP10,365000.KS
KODEXKRX300레버리지,306950.KS
KIWOOM코스닥150,316670.KS
ACE2월만기자동연장회사채AA-이상액티브,475260.KS
RISE2차전지TOP10인버스(합성),465350.KS
HANARO코리아밸류업,495750.KS
BNK온디바이스AI,487750.KS
RISE코리아밸류업위클리고정커버드콜,0094M0.KS
SOL배당성향탑픽액티브,0152E0.KS
PLUS미국채30년액티브,464470.KS
KODEX차이나심천CHINEXT(합성),256750.KS
KODEX보험,140700.KS
KODEXIT,266370.KS
FOCUS200,0098Z0.KS
KIWOOM고배당,104530.KS
KODEX미국S&P500산업재(합성),200030.KS
TIGER일본엔선물,292560.KS
HANAROK고배당,322410.KS
KODEX구리선물(H),138910.KS
SOL코스닥150,450910.KS
RISE중국본토대형주CSI100,174360.KS
TIGER코스피대형주,277640.KS
KIWOOM미국달러선물인버스,139660.KS
ACE5월만기자동연장회사채AA-이상액티브,475270.KS
KIWOOM통안채1년,122260.KS
ACE미국달러단기채권액티브,440650.KS
KODEXK콘텐츠,266360.KS
TIGER글로벌비만치료제TOP2PLUS,476690.KS
HANAROFNK-POP&미디어,395290.KS
HANAROE커머스,322400.KS
PLUSTDF2060액티브,433880.KS
HANAROK-뷰티,479850.KS
KODEX탄소효율그린뉴딜,375770.KS
RISE미국반도체NYSE,469060.KS
KODEX미국S&P500금융,453650.KS
에셋플러스글로벌플랫폼액티브,407830.KS
TIGER200금융,139270.KS
KODEX아시아달러채권ESG플러스액티브,437070.KS
KODEX차이나AI테크액티브,428510.KS
RISE금융채액티브,336160.KS
KODEX글로벌비만치료제TOP2PLUS,476070.KS
TIMEK컬처액티브,410870.KS
FOCUSAI코리아액티브,448570.KS
KODEX차이나2차전지MSCI(합성),419430.KS
KODEX국채선물10년,152380.KS
SOL미국넥스트테크TOP10액티브,0118S0.KS
KOACT수소전력ESS인프라액티브,0150K0.KS
KODEX글로벌로봇(합성),276990.KS
KODEX차이나H,099140.KS
TIGERTSMC파운드리밸류체인,453950.KS
KOACT글로벌친환경전력인프라액티브,475070.KS
SOL미국30년국채액티브(H),461600.KS
KODEX미국달러선물레버리지,261250.KS
WON미국빌리어네어,489290.KS
1Q미국메디컬AI,0083S0.KS
TIGER글로벌온디바이스AI,480310.KS
PLUS미국S&P500,429760.KS
TIGER코리아배당다우존스위클리커버드콜,0104P0.KS
RISE미국AI테크액티브,495940.KS
TIGER차이나HSCEI,245360.KS
KODEXISHARES미국투자등급회사채액티브,468630.KS
KODEX게임산업,300950.KS
TIGER게임TOP10,364990.KS
TIGER우선주,261140.KS
KODEX미국S&P500배당귀족커버드콜(합성H),276970.KS
PLUS200TR,491220.KS
RISE테슬라미국채타겟커버드콜혼합(합성),0013R0.KS
ACE레버리지,152500.KS
KOACT글로벌양자컴퓨팅액티브,0020H0.KS
ACEESG액티브,385590.KS
TIGER코스닥글로벌,461580.KS
RISE미국S&P원유생산기업(합성H),219390.KS
HANARO글로벌생성형AI액티브,461340.KS
TIGER유로스탁스50(합성H),195930.KS
TIGER코스닥150IT,261060.KS
HANARO글로벌피지컬AI액티브,0040S0.KS
RISEK엔터&여행레저,388280.KS
PLUS코스닥150액티브,0166N0.KS
ACE일본TOPIX레버리지(H),196030.KS
ACE글로벌자율주행액티브,414270.KS
SOL조선기자재,0141S0.KS
TIGER미국달러선물인버스2X,261120.KS
ACE일본NIKKEI225(H),238720.KS
RISEV&S셀렉트밸류채권혼합,241390.KS
RISE팔란티어고정테크100,0047R0.KS
KIWOOM미국S&P500(H),449780.KS
파워코스피100,140950.KS
SOL미국배당다우존스2호,493420.KS
HANAROFNK-뉴딜디지털플러스,368190.KS
ACE미국SMR원자력TOP10,0155M0.KS
KODEX미국부동산리츠(H),352560.KS
ACE코스피,305050.KS
ACEMSCI인도네시아(합성),256440.KS
KODEX코스닥글로벌,461450.KS
KOACT미국천연가스인프라액티브,497780.KS
KODEX차이나테크TOP10,0065G0.KS
SOL중기종합채권(AA-이상)액티브,0141T0.KS
KODEX우량주,275300.KS
KODEX차이나H레버리지(H),204450.KS
마이티다이나믹퀀트액티브,442260.KS
KODEX에너지화학,117460.KS
TIGER200헬스케어,227540.KS
RISE글로벌리얼티인컴,475380.KS
RISE글로벌주식분산액티브,459750.KS
TIGER글로벌AI사이버보안,418670.KS
KIWOOM미국대형주500월간목표헤지액티브,0084E0.KS
TIGERS&P글로벌헬스케어(합성),248270.KS
SOL미국AI반도체칩메이커,479620.KS
PLUS200선물레버리지,253150.KS
KIWOOM200선물레버리지,253250.KS
KODEX코스닥150롱코스피200숏선물,360150.KS
KODEX3대농산물선물(H),271060.KS
KODEX미국러셀2000(H),280930.KS
KOACTAI인프라액티브,487130.KS
KIWOOM미국S&P500모멘텀,0137V0.KS
PLUS미국나스닥테크,287180.KS
HANARO코스닥150,304770.KS
KODEX200롱코스닥150숏선물,360140.KS
KODEX차이나AI반도체TOP10,0162L0.KS
KODEX테슬라밸류체인FACTSET,459560.KS
파워고배당저변동성,192720.KS
RISE미국단기투자등급회사채액티브,437350.KS
KODEX자율주행액티브,385520.KS
TIGER유로스탁스배당30,245350.KS
TIGER원유선물ENHANCED(H),130680.KS
TIGER200에너지화학,139250.KS
KIWOOM글로벌AI반도체,473490.KS
KODEX미국드론UAMTOP10,0144M0.KS
TIGER모멘텀,147970.KS
KIWOOMKRX100,100910.KS
KODEX미국테크TOP3플러스,491090.KS
RISE미국S&P500데일리고정커버드콜,0138T0.KS
KIWOOM미국달러선물,138230.KS
KODEXMSCIKOREA,156080.KS
KIWOOM한국고배당&미국AI테크,0097L0.KS
RISE게임테마,300640.KS
KOACT팔란티어밸류체인액티브,0093D0.KS
KIWOOM국고채10년레버리지,167860.KS
KODEXS&P글로벌인프라(합성),269420.KS
RISE5대그룹주,105780.KS
RISE미국30년국채액티브,481340.KS
KIWOOM미국고배당&AI테크,0107F0.KS
KODEX인도타타그룹,477730.KS
ACE애플밸류체인액티브,483420.KS
ACE골드선물레버리지(합성H),225130.KS
KIWOOM국고채30년액티브,471460.KS
PLUS미국S&P500성장주,494410.KS
RISETDF2040액티브,442560.KS
SOL200TOP10,411540.KS
PLUS미국고배당주액티브,0153X0.KS
PLUS미국양자컴퓨팅TOP10,0023B0.KS
RISE200금융,284980.KS
HANARO반도체핵심공정주도주,476260.KS
SOLKIS단기통안채,363510.KS
RISE글로벌테크놀로지(합성H),276650.KS
TIGER차이나항셍테크레버리지(합성H),438320.KS
KODEX철강,117680.KS
HANAROK휴머노이드테마TOP10,0155N0.KS
TIME미국배당다우존스액티브,0036D0.KS
1QK소버린AI,0103T0.KS
TIGER글로벌이노베이션액티브,387270.KS
TIGER한중반도체(합성),449690.KS
KIWOOM미국S&P500&GOLD,0137W0.KS
SOL차이나육성산업액티브(합성),415760.KS
PLUSK방산레버리지,0104G0.KS
RISE채권혼합,183700.KS
ITF200,472840.KS
KODEX200가치저변동,223190.KS
RISE중장기국공채액티브,272570.KS
RISE배터리리사이클링,446700.KS
KIWOOM코스피100,153270.KS
WONK-글로벌수급상위,0088N0.KS
KODEX차이나과창판STAR50(합성),415340.KS
TIGER미국나스닥100ETF선물,483240.KS
RISE헬스케어채권혼합,253290.KS
KIWOOM미국성장기업30액티브,459790.KS
KODEX200중소형,226980.KS
KODEX모멘텀주,275280.KS
PLUS선진국MSCI(합성H),195970.KS
KODEX국채선물3년인버스,292770.KS
TIGER200커버드콜,289480.KS
TIGERLG그룹플러스,138530.KS
TIGER200동일가중,252000.KS
TIGER미국AI반도체팹리스,491830.KS
ACE미국배당퀄리티채권혼합50,0049K0.KS
PLUS일본엔화초단기국채(합성),489000.KS
KCGI미국S&P500TOP10,483570.KS
RISE중국본토CSI300,463300.KS
TIGER차이나클린에너지SOLACTIVE,396510.KS
HANARO200TOP10,407310.KS
KODEX33-06국고채액티브,457690.KS
마이티200TR,0112X0.KS
KODEX차이나A50,169950.KS
KODEX미국S&P500버퍼3월액티브,0026E0.KS
ACE아시아TOP50,277540.KS
TIGER은행,091220.KS
PLUS미국장기우량회사채,332620.KS
TIGERMKF배당귀족,445910.KS
TREX펀더멘탈200,145850.KS
PLUS미국나스닥100미국채혼합50,0089B0.KS
KODEX가치주,275290.KS
BNK주주가치액티브,445690.KS
에셋플러스코리아대장장이액티브,442090.KS
KODEX미국나스닥100선물인버스(H),409810.KS
KODEX아시아AI반도체EXCHINA액티브,446690.KS
TIGER인도니프티50레버리지(합성),236350.KS
KODEX미국S&P바이오(합성),185680.KS
TIGER글로벌멀티에셋TIF액티브,440340.KS
KODEX한중반도체(합성),450190.KS
RISE미국S&P배당킹,460660.KS
TIGER글로벌클라우드컴퓨팅INDXX,371450.KS
TIGER일본반도체FACTSET,465660.KS
TIGERKEDI혁신기업ESG30,417630.KS
RISE테슬라고정테크100,0047P0.KS
에셋플러스글로벌대장장이액티브,433220.KS
KODEXISHARES미국인플레이션국채액티브,468370.KS
PLUS일본반도체소부장,464920.KS
RISE차이나항셍테크,371150.KS
파워K-주주가치액티브,491510.KS
KIWOOM팔란티어미국30년국채혼합액티브(H),0015F0.KS
RISE미국고배당다우존스TOP10,0115C0.KS
PLUS글로벌수소&차세대연료전지,419650.KS
ACE코리아밸류업,496120.KS
KODEX기계장비,102960.KS
HK베스트일레븐액티브,391670.KS
TIGER원유선물인버스(H),217770.KS
ACE2차전지&친환경차액티브,385600.KS
HANARO32-10국고채액티브,448490.KS
PLUS미국다우존스고배당주(합성H),213630.KS
PLUSK제조업핵심기업액티브,0166S0.KS
KODEX미국S&P500필수소비재,453630.KS
TIGER글로벌자원생산기업(합성H),276000.KS
SOLKRX300,292500.KS
TIGER차이나AI소프트웨어,0067Y0.KS
KODEX기후변화솔루션,404260.KS
ACETDF2030액티브,0021D0.KS
RISE테슬라애플아마존채권혼합,449580.KS
TIGERKRX300,292160.KS
KOACT브로드컴밸류체인액티브,0051A0.KS
에셋플러스글로벌일등기업포커스10액티브,477490.KS
TIGER퓨처모빌리티액티브,387280.KS
ACE리츠부동산인프라액티브,0153P0.KS
ACEMSCI멕시코(합성),291130.KS
KIWOOMK-테크TOP10,469790.KS
KODEX미국금융테크액티브,0028X0.KS
KODEX유럽탄소배출권선물ICE(H),400570.KS
PLUS애플채권혼합,447660.KS
HANAROFNK-푸드,438900.KS
PLUS우량회사채50,239660.KS
KODEX혁신기술테마액티브,364690.KS
마이티코스피100,159800.KS
KODEXKTOP30,229720.KS
TIGERK게임,300610.KS
PLUS미국배당증가성장주데일리커버드콜,494420.KS
RISE차이나HSCEI(H),250730.KS
HANARO바이오코리아액티브,498050.KS
에셋플러스코리아플랫폼액티브,407820.KS
KODEX인도NIFTY50레버리지(합성),453820.KS
KODEX미국S&P500유틸리티,463640.KS
PLUSKOFR금리,453010.KS
TIGER리츠부동산인프라10채권혼합액티브,0086C0.KS
TIGER탄소효율그린뉴딜,376410.KS
KODEX200EXTOP,337150.KS
HANARO탄소효율그린뉴딜,375760.KS
RISE미국반도체NYSE(H),469050.KS
PLUS미국테크TOP10,461900.KS
ACE러시아MSCI(합성),265690.KS
PLUSK방산소부장,0090B0.KS
KODEXMSCIKOREAESG유니버설,289040.KS
마이티바이오시밀러&CDMO액티브,0001P0.KS
RISE차이나테크TOP10위클리타겟커버드콜,0094L0.KS
HANAROFN5G산업,367740.KS
에셋플러스차이나일등기업포커스10액티브,474920.KS
KODEX멀티팩터,337120.KS
HANARO글로벌럭셔리S&P(합성),354350.KS
RISETDF2030액티브,442550.KS
TREX200,108590.KS
SOL자동차소부장FN,464600.KS
TIGER일본TOPIX(합성H),195920.KS
KODEX대만테크고배당다우존스,487950.KS
TIGERMSCIKOREAESG유니버설,289250.KS
VITAMZ소비액티브,422260.KS
1Q샤오미밸류체인액티브,0094X0.KS
KIWOOM블루칩,104520.KS
ACE마이크로소프트밸류체인액티브,483330.KS
PLUS미국테크TOP10레버리지(합성),461910.KS
TIGERMSCIKOREAESG리더스,289260.KS
HANARO미국S&P500,432840.KS
RISE미국은행TOP10,0013P0.KS
RISE차이나AI반도체TOP4PLUS,0164G0.KS
ACE차이나항셍테크,371870.KS
KOACT반도체&2차전지핵심소재액티브,482030.KS
RISEKRX300,292050.KS
KODEX인도NIFTY미드캡100,0000H0.KS
RISE미국고정배당우선증권,354240.KS
RISE주식혼합,183710.KS
RISE200고배당커버드콜ATM,290080.KS
HANAROFN전기&수소차,381560.KS
RISE미국양자컴퓨팅,0018Z0.KS
ACE일본반도체,469160.KS
KOACT미국바이오헬스케어액티브,0113G0.KS
ACE미국IT인터넷(합성H),280320.KS
KODEX국채선물10년인버스,176950.KS
HANAROKRX300,304760.KS
TIGERS&P글로벌인프라(합성),269370.KS
TIGER농산물선물ENHANCED(H),137610.KS
TIGER미국달러선물레버리지,261110.KS
RISE우량업종대표주,140580.KS
KODEX53-09국고채액티브,457700.KS
RISE글로벌수소경제,417450.KS
PLUS미국단기회사채(AAA~A),332610.KS
TRUSTON주주가치액티브,472720.KS
PLUS코스피,227830.KS
PLUS국고채30년액티브,451600.KS
KODEX미국클린에너지나스닥,419420.KS
ACE글로벌브랜드TOP10,435040.KS
KODEX미국S&P500경기소비재,453660.KS
KODEX필수소비재,266410.KS
SOL한국AI소프트웨어,0105D0.KS
ACE중국과창판STAR50,416090.KS
KODEX미국ETF산업TOP10INDXX,428560.KS
TIMEK신재생에너지액티브,404120.KS
WONAIESG액티브,413930.KS
SOL의료기기소부장FN,464610.KS
TIGER미국캐시카우100,465670.KS
KIWOOM미국S&P500TOP10&배당다우비중전환,0127V0.KS
TIGERKTOP30,228820.KS
RISE중소형고배당,281990.KS
ACE장기자산배분액티브,0021C0.KS
RISE헬스케어,253280.KS
KODEX모멘텀PLUS,244620.KS
PLUSS&P글로벌인프라,269530.KS
TIGER차이나증권,0133E0.KS
SOL머니마켓액티브,484890.KS
KIWOOM미국S&P500&배당다우존스비중전환,0127T0.KS
RISEV&S셀렉트밸류,234310.KS
KODEX미국S&P500커뮤니케이션,463690.KS
PLUS코스닥150,301400.KS
TIGER이머징마켓MSCI레버리지(합성H),225060.KS
ACE삼성그룹동일가중,131890.KS
KODEX운송,140710.KS
HANAROKOFR금리액티브(합성),453060.KS
ACE국고채3년,114460.KS
ACE차이나AI빅테크TOP2+액티브,0087F0.KS
TIME글로벌바이오액티브,485810.KS
TIMEK이노베이션액티브,385710.KS
SOLKRX기후변화솔루션,404650.KS
TRUSTON코리아밸류업액티브,496130.KS
PLUS고배당저변동50,251590.KS
KODEX유럽명품TOP10STOXX,456250.KS
PLUSESG성장주액티브,395760.KS
TIGER코스닥150선물인버스,250780.KS
HANAROFNK-게임,395280.KS
KODEX코리아혁신성장액티브,373490.KS
RISE중국MSCICHINA(H),310080.KS
KIWOOM미국달러선물레버리지,225800.KS
KIWOOM물가채KIS,430500.KS
HKS&P코리아로우볼,215620.KS
KODEX웹툰&드라마,395150.KS
FOCUSESG리더스,285690.KS
TIGER라틴35,105010.KS
TIGER한중전기차(합성),449680.KS
KIWOOM미국달러SOFR금리액티브(합성),460270.KS
KODEX최소변동성,279540.KS
RISE엔비디아고정테크100,0093B0.KS
TIME글로벌소비트렌드액티브,494180.KS
ACE인도컨슈머파워액티브,487910.KS
PLUS주도업종,280920.KS
BNK2차전지양극재,466810.KS
TIGER차이나항셍30,117690.KS
PLUS차이나AI테크TOP10,0047N0.KS
BNK카카오그룹포커스,0120J0.KS
ACE미국중심중소형제조업,0008E0.KS
에셋플러스글로벌영에이지액티브,451150.KS
RISE유로스탁스50(H),379790.KS
WON한국부동산TOP3플러스,480460.KS
TIGER경기방어채권혼합,237440.KS
RISE미국천연가스밸류체인,0036Z0.KS
FOCUS알리바바미국채커버드콜혼합,0073X0.KS
1Q미국배당TOP30,0004G0.KS
RISE동학개미,0138D0.KS
RISE글로벌클린에너지,399580.KS
RISE내수주플러스,326230.KS
KIWOOM독일DAX,411860.KS
TIGER리츠부동산인프라채권,341850.KS
ACE글로벌AI맞춤형반도체,494340.KS
RISE글로벌농업경제,437370.KS
KIWOOM글로벌전력GRID인프라,489860.KS
ACE미국부동산리츠(합성H),181480.KS
KIWOOM미국달러선물인버스2X,230480.KS
ACE유럽방산TOP10,0102X0.KS
에셋플러스인도일등기업포커스20액티브,0002C0.KS
KODEX경기소비재,266390.KS
KIWOOMTDF2050액티브,435550.KS
HANARO유럽방산,0082F0.KS
PLUSK리츠,429740.KS
TIGER200커버드콜OTM,166400.KS
RISE글로벌데이터센터리츠(합성),375270.KS
ACE글로벌빅파마,497510.KS
TIGER200경기소비재,139290.KS
KODEX한중전기차(합성),450180.KS
RISE미국AI클라우드인프라,0127R0.KS
KIWOOM의료AI,483020.KS
KIWOOM미국테크100월간목표헤지액티브,0084D0.KS
ACE인도시장대표BIG5그룹액티브,487920.KS
KIWOOM미국방어배당성장나스닥,373790.KS
RISE수출주,140570.KS
TIGER차이나CSI300인버스(합성),217780.KS
RISEKQ고배당,270800.KS
TIGER로우볼,174350.KS
TIGER미국나스닥넥스트100,429010.KS
ACE코리아AI테크핵심산업,380340.KS
HANAROFN친환경에너지,381570.KS
RISE미국S&P500엔화노출(합성H),0005C0.KS
SOL미국500타겟데일리커버드콜액티브,494210.KS
마이다스일본테크액티브,488290.KS
RISE국채30년레버리지(합성),451670.KS
TIGER단기선진하이일드(합성H),182490.KS
UNICORNR&D액티브,433250.KS
KIWOOMTDF2040액티브,435540.KS
KODEX미국스마트모빌리티S&P,390400.KS
SOL미국S&P500엔화노출(H),499150.KS
SOL한국형글로벌전기차&2차전지액티브,429980.KS
KOACT차이나바이오헬스케어액티브,0154H0.KS
ACE일라이릴리밸류체인,497520.KS
TIGER우량가치,227570.KS
에셋플러스글로벌다이나믹시니어액티브,462340.KS
ACE중국본토CSI300레버리지(합성),219900.KS
더제이중소형포커스액티브,0053M0.KS
KIWOOM코스닥150선물레버리지,291630.KS
SOL차이나태양광CSI(합성),413220.KS
PLUS심천차이넥스트(합성),256450.KS
KIWOOMK-2차전지북미공급망,488200.KS
KODEXK-뉴딜디지털플러스,368680.KS
마이다스중소형액티브,438740.KS
ACE미국친환경그린테마,391600.KS
SOL차이나소비트렌드,0131A0.KS
BNK미래전략기술액티브,457930.KS
KIWOOMTDF2030액티브,435530.KS
KOACT글로벌K컬처밸류체인액티브,0132D0.KS
RISE200선물인버스2X,252420.KS
KODEX밸류PLUS,244670.KS
PLUS미국달러SOFR금리액티브(합성),456200.KS
KODEX미국30년국채울트라선물인버스(H),304670.KS
ACE싱가포르리츠,316300.KS
TIGER200철강소재,139240.KS
RISE일본섹터TOP4PLUS,488480.KS
TIGERKRX기후변화솔루션,404540.KS
KOACT미국치매&뇌질환치료제액티브,490330.KS
PLUS글로벌MSCI(합성H),189400.KS
TIGER의료기기,307510.KS
TIGER200커뮤니케이션서비스,315270.KS
PLUS미국로보택시,0078V0.KS
HANARO농업융복합산업,314700.KS
SOL글로벌탄소배출권선물ICE(합성),400590.KS
HANAROFNK-메타버스MZ,402460.KS
KODEXMSCIEM선물(H),291890.KS
SOL국고채30년액티브,474390.KS
PLUSESG가치주액티브,395750.KS
TIGER미국S&P500선물인버스(H),225030.KS
KODEX콩선물(H),138920.KS
RISE200선물인버스,252410.KS
HANAROFN골프테마,407300.KS
KIWOOM미국블록버스터바이오테크의약품+,483030.KS
RISE국채선물10년,295000.KS
TIGER200에너지화학레버리지,243890.KS
PLUS국채선물10년,289670.KS
RISE국채선물3년,432600.KS
RISE미국달러선물인버스,469530.KS
RISE미국장기국채선물인버스(H),267450.KS
RISE글로벌게임테크TOP3PLUS,0114X0.KS
HANARO코스닥150선물레버리지,306530.KS
UNICORN포스트IPO액티브,476000.KS
ACEMSCI필리핀(합성),261920.KS
ACE일본TOPIX인버스(합성H),205720.KS
PLUS차이나항셍테크위클리타겟커버드콜,0128D0.KS
SOL차이나강소기업CSI500(합성H),220130.KS
RISE팔라듐선물(H),334690.KS
RISE국채선물5년추종,397420.KS
KODEX멀티에셋하이인컴(H),321410.KS
RISEAI플랫폼,427120.KS
SOL유럽탄소배출권선물S&P(H),400580.KS
KIWOOM엔비디아미국30년국채혼합액티브(H),0015E0.KS
HANARO글로벌탄소배출권선물ICE(합성),401590.KS
RISE글로벌비만산업TOP2+,476310.KS
RISE미국장기국채선물(H),267440.KS
KODEX퀄리티PLUS,244660.KS
RISE미국반도체인버스(합성H),491630.KS
RISE인도디지털성장,498610.KS
ACE인버스,145670.KS
ACEFN성장소비주도주,226380.KS
PLUS중형주저변동50,266550.KS
TIGER미국소비트렌드액티브,0015K0.KS
ACEFTSEWGBIKOREA,0010E0.KS
TIGER200생활소비재,227560.KS
TIGER코스피중형주,277650.KS
KIWOOM200선물인버스2X,253230.KS
RISE차이나H선물인버스(H),291680.KS
KIWOOMK-반도체북미공급망,488210.KS
PLUS스마트베타QUALITY채권혼합,238670.KS
TIGER유로스탁스레버리지(합성H),225050.KS
RISE미국장기국채선물레버리지(합성H),267490.KS
PLUS미국AI에이전트,0050E0.KS
KIWOOM차이나내수소비TOPCSI,454180.KS
KODEX골드선물인버스(H),280940.KS
TIGER200산업재,227550.KS
UNICORN생성형AI강소기업액티브,470310.KS
HANARO글로벌워터MSCI(합성),424460.KS
ACEBYD밸류체인액티브,0079X0.KS
VITA밸류알파액티브,452440.KS
PLUS200선물인버스2X,253160.KS
PLUS글로벌AI인프라,489010.KS
KIWOOM코스닥150선물인버스,291620.KS
KIWOOM200선물인버스,253240.KS
RISE코스닥150선물인버스,275750.KS
RISE팔라듐선물인버스(H),334700.KS
ACE미국빅테크TOP7PLUS인버스(합성),465620.KS
TIGERBBIG레버리지,412560.KS
HANARO200선물인버스,306520.KS
PLUS코스닥150선물인버스,301410.KS
